id,is_flawed,known_errors,topic,target_concept,question,response_options,expected_revision_question,expected_revision_response_options,revision_notes,difficulty,item_format,source_seed_id,benchmark_version,v3_cleanup_replacement,v3_cleanup_reason
gold-200-rewritten-001,False,,politics/public policy,support for public election information funding,Please indicate your level of support or opposition to public funding for nonpartisan local election information campaigns.,"[""Strongly oppose"", ""Somewhat oppose"", ""Neither support nor oppose"", ""Somewhat support"", ""Strongly support""]",Please indicate your level of support or opposition to public funding for nonpartisan local election information campaigns.,"[""Strongly oppose"", ""Somewhat oppose"", ""Neither support nor oppose"", ""Somewhat support"", ""Strongly support""]","[""Clean control; no revision expected.""]",obvious,support_oppose,candidate-v1-clean-0001,final_gold_200_unique_v3_pure_loaded,,
gold-200-rewritten-002,False,,education,self-reported uncited copying in coursework,"This item is optional. During the last 12 months, did you submit coursework that included text copied from another source without citation?","[""Yes"", ""No"", ""Prefer not to answer""]","This item is optional. During the last 12 months, did you submit coursework that included text copied from another source without citation?","[""Yes"", ""No"", ""Prefer not to answer""]","[""Clean control; no revision expected.""]",realistic,binary_yes_no,candidate-v1-clean-0002,final_gold_200_unique_v3_pure_loaded,,
gold-200-rewritten-003,False,,mobility,frequency of public transport use for city trips,"In the past 7 days, how often did you use public transport for trips within your city?","[""Not at all"", ""Once"", ""2-3 times"", ""4-6 times"", ""Daily""]","In the past 7 days, how often did you use public transport for trips within your city?","[""Not at all"", ""Once"", ""2-3 times"", ""4-6 times"", ""Daily""]","[""Clean control; no revision expected.""]",borderline,frequency,candidate-v1-clean-0015,final_gold_200_unique_v3_pure_loaded,,
gold-200-rewritten-004,False,,health,satisfaction with appointment scheduling at primary care practices,How satisfied or dissatisfied are you with the ease of scheduling an appointment at your usual primary care practice?,"[""Very dissatisfied"", ""Somewhat dissatisfied"", ""Neither satisfied nor dissatisfied"", ""Somewhat satisfied"", ""Very satisfied""]",How satisfied or dissatisfied are you with the ease of scheduling an appointment at your usual primary care practice?,"[""Very dissatisfied"", ""Somewhat dissatisfied"", ""Neither satisfied nor dissatisfied"", ""Somewhat satisfied"", ""Very satisfied""]","[""Clean control; no revision expected.""]",obvious,ordinal_categories,candidate-v1-clean-0051,final_gold_200_unique_v3_pure_loaded,,
gold-200-rewritten-005,False,,finances,perceived stability of monthly household income,Which statement best describes the stability of your household income during the last 6 months?,"[""Very unstable"", ""Somewhat unstable"", ""About the same each month"", ""Somewhat stable"", ""Very stable"", ""Prefer not to say""]",Which statement best describes the stability of your household income during the last 6 months?,"[""Very unstable"", ""Somewhat unstable"", ""About the same each month"", ""Somewhat stable"", ""Very stable"", ""Prefer not to say""]","[""Clean control; no revision expected.""]",realistic,ordinal_categories,candidate-v1-clean-0087,final_gold_200_unique_v3_pure_loaded,,
gold-200-rewritten-006,False,,technology,control over privacy settings in frequently used apps,How much control do you feel you have over privacy settings in the apps you use most often?,"[""No control"", ""A little control"", ""Some control"", ""A lot of control"", ""Complete control""]",How much control do you feel you have over privacy settings in the apps you use most often?,"[""No control"", ""A little control"", ""Some control"", ""A lot of control"", ""Complete control""]","[""Clean control; no revision expected.""]",borderline,ordinal_categories,candidate-v1-clean-0024,final_gold_200_unique_v3_pure_loaded,,
gold-200-rewritten-007,False,,environment,frequency of household energy-saving actions,"In a typical week, how often does your household turn off lights or devices when they are not being used?","[""Never"", ""Rarely"", ""Sometimes"", ""Often"", ""Very often""]","In a typical week, how often does your household turn off lights or devices when they are not being used?","[""Never"", ""Rarely"", ""Sometimes"", ""Often"", ""Very often""]","[""Clean control; no revision expected.""]",obvious,frequency,candidate-v1-clean-0013,final_gold_200_unique_v3_pure_loaded,,
gold-200-rewritten-008,False,,work,ability to take short breaks during work or study,"During a usual work or study day, how often can you take a short break when you need one?","[""Never"", ""Rarely"", ""Sometimes"", ""Often"", ""Always"", ""Not applicable""]","During a usual work or study day, how often can you take a short break when you need one?","[""Never"", ""Rarely"", ""Sometimes"", ""Often"", ""Always"", ""Not applicable""]","[""Clean control; no revision expected.""]",realistic,frequency,candidate-v1-clean-0005,final_gold_200_unique_v3_pure_loaded,,
gold-200-rewritten-009,False,,public services,clarity of digital government forms,How satisfied or dissatisfied are you with the clarity of instructions on digital government forms you have used in the last 12 months?,"[""Very dissatisfied"", ""Somewhat dissatisfied"", ""Neither satisfied nor dissatisfied"", ""Somewhat satisfied"", ""Very satisfied""]",How satisfied or dissatisfied are you with the clarity of instructions on digital government forms you have used in the last 12 months?,"[""Very dissatisfied"", ""Somewhat dissatisfied"", ""Neither satisfied nor dissatisfied"", ""Somewhat satisfied"", ""Very satisfied""]","[""Clean control; no revision expected.""]",borderline,ordinal_categories,candidate-v1-clean-0033,final_gold_200_unique_v3_pure_loaded,,
gold-200-rewritten-010,False,,university life,availability of quiet study spaces,"During the current semester, how satisfied or dissatisfied are you with the availability of quiet study spaces on campus?","[""Very dissatisfied"", ""Somewhat dissatisfied"", ""Neither satisfied nor dissatisfied"", ""Somewhat satisfied"", ""Very satisfied""]","During the current semester, how satisfied or dissatisfied are you with the availability of quiet study spaces on campus?","[""Very dissatisfied"", ""Somewhat dissatisfied"", ""Neither satisfied nor dissatisfied"", ""Somewhat satisfied"", ""Very satisfied""]","[""Clean control; no revision expected.""]",obvious,ordinal_categories,candidate-v1-clean-0060,final_gold_200_unique_v3_pure_loaded,,
gold-200-rewritten-011,False,,labor,time until receiving responses from job applications,"For your most recent job search, how long did employers usually take to respond after you submitted an application?","[""Less than one week"", ""1-2 weeks"", ""3-4 weeks"", ""More than 4 weeks"", ""I did not receive responses"", ""Not applicable""]","For your most recent job search, how long did employers usually take to respond after you submitted an application?","[""Less than one week"", ""1-2 weeks"", ""3-4 weeks"", ""More than 4 weeks"", ""I did not receive responses"", ""Not applicable""]","[""Clean control; no revision expected.""]",realistic,categorical_closed_ended,candidate-v1-clean-0006,final_gold_200_unique_v3_pure_loaded,,
gold-200-rewritten-012,False,,family/household,weekly unpaid caregiving time,"In the past 7 days, about how many hours did you spend providing unpaid care to a child, older adult, or person with a disability?","[""0 hours"", ""1-5 hours"", ""6-10 hours"", ""11-20 hours"", ""More than 20 hours"", ""Prefer not to say""]","In the past 7 days, about how many hours did you spend providing unpaid care to a child, older adult, or person with a disability?","[""0 hours"", ""1-5 hours"", ""6-10 hours"", ""11-20 hours"", ""More than 20 hours"", ""Prefer not to say""]","[""Clean control; no revision expected.""]",borderline,numeric_ranges,candidate-v1-clean-0008,final_gold_200_unique_v3_pure_loaded,,
gold-200-rewritten-013,False,,media/culture,frequency of local news video consumption,"In the past 7 days, how often did you watch local news videos online?","[""Not at all"", ""Once"", ""2-3 times"", ""4-6 times"", ""Daily""]","In the past 7 days, how often did you watch local news videos online?","[""Not at all"", ""Once"", ""2-3 times"", ""4-6 times"", ""Daily""]","[""Clean control; no revision expected.""]",obvious,frequency,candidate-v1-clean-0018,final_gold_200_unique_v3_pure_loaded,,
gold-200-rewritten-014,False,,sensitive behaviors,driving after consuming alcohol,"You may skip this item. In the last year, did you drive after drinking alcohol?","[""Yes"", ""No"", ""Prefer not to answer""]","You may skip this item. In the last year, did you drive after drinking alcohol?","[""Yes"", ""No"", ""Prefer not to answer""]","[""Clean control; no revision expected.""]",realistic,binary_yes_no,candidate-v1-clean-0011,final_gold_200_unique_v3_pure_loaded,,
gold-200-rewritten-015,False,,education,support for additional tutoring in public schools,What is your view on increasing tutoring support in public schools?,"[""Strongly oppose"", ""Somewhat oppose"", ""Neither support nor oppose"", ""Somewhat support"", ""Strongly support""]",What is your view on increasing tutoring support in public schools?,"[""Strongly oppose"", ""Somewhat oppose"", ""Neither support nor oppose"", ""Somewhat support"", ""Strongly support""]","[""Clean control; no revision expected.""]",borderline,support_oppose,candidate-v1-clean-0037,final_gold_200_unique_v3_pure_loaded,,
gold-200-rewritten-016,False,,public services,preferred channel for renewing official documents,Which channel would you prefer for renewing official documents such as residence certificates or permits?,"[""Online portal"", ""Phone appointment"", ""In-person office visit"", ""Postal mail"", ""No preference"", ""Other""]",Which channel would you prefer for renewing official documents such as residence certificates or permits?,"[""Online portal"", ""Phone appointment"", ""In-person office visit"", ""Postal mail"", ""No preference"", ""Other""]","[""Clean control; no revision expected.""]",obvious,categorical_closed_ended,candidate-v1-clean-0036,final_gold_200_unique_v3_pure_loaded,,
gold-200-rewritten-017,False,,environment,concern about summer heat in local neighborhoods,Please rate your concern about the effects of summer heat in your local neighborhood.,"[""Not at all concerned"", ""Slightly concerned"", ""Moderately concerned"", ""Very concerned"", ""Extremely concerned""]",Please rate your concern about the effects of summer heat in your local neighborhood.,"[""Not at all concerned"", ""Slightly concerned"", ""Moderately concerned"", ""Very concerned"", ""Extremely concerned""]","[""Clean control; no revision expected.""]",realistic,ordinal_categories,candidate-v1-clean-0105,final_gold_200_unique_v3_pure_loaded,,
gold-200-rewritten-018,False,,health,main reason for missing preventive health appointments,"What is the main reason you have missed or postponed a preventive health appointment, if this has happened to you?",[],"What is the main reason you have missed or postponed a preventive health appointment, if this has happened to you?",[],"[""Clean control; no revision expected.""]",borderline,open_ended,candidate-v1-clean-0044,final_gold_200_unique_v3_pure_loaded,,
gold-200-rewritten-019,False,,technology,use of two-factor authentication,Do you currently use two-factor authentication for at least one important online account?,"[""Yes"", ""No"", ""Not sure""]",Do you currently use two-factor authentication for at least one important online account?,"[""Yes"", ""No"", ""Not sure""]","[""Clean control; no revision expected.""]",obvious,binary_yes_no,candidate-v1-clean-0020,final_gold_200_unique_v3_pure_loaded,,
gold-200-rewritten-020,False,,mobility,main transport mode for commuting,"Which mode of transport do you use most often for travel to work, university, or training?","[""Walking"", ""Bicycle"", ""Public transport"", ""Car as driver"", ""Car as passenger"", ""Work or study from home"", ""Other""]","Which mode of transport do you use most often for travel to work, university, or training?","[""Walking"", ""Bicycle"", ""Public transport"", ""Car as driver"", ""Car as passenger"", ""Work or study from home"", ""Other""]","[""Clean control; no revision expected.""]",realistic,categorical_closed_ended,candidate-v1-clean-0027,final_gold_200_unique_v3_pure_loaded,,
gold-200-rewritten-021,False,,work,satisfaction with communication from supervisor,How satisfied or dissatisfied are you with how clearly your supervisor communicates work priorities?,"[""Very dissatisfied"", ""Somewhat dissatisfied"", ""Neither satisfied nor dissatisfied"", ""Somewhat satisfied"", ""Very satisfied"", ""Not applicable""]",How satisfied or dissatisfied are you with how clearly your supervisor communicates work priorities?,"[""Very dissatisfied"", ""Somewhat dissatisfied"", ""Neither satisfied nor dissatisfied"", ""Somewhat satisfied"", ""Very satisfied"", ""Not applicable""]","[""Clean control; no revision expected.""]",borderline,ordinal_categories,candidate-v1-clean-0069,final_gold_200_unique_v3_pure_loaded,,
gold-200-rewritten-022,False,,finances,ability to cover unexpected expense,Could your household cover an unexpected expense of 500 euros within one month?,"[""Yes, without borrowing"", ""Yes, by borrowing or using credit"", ""No"", ""Not sure"", ""Prefer not to say""]",Could your household cover an unexpected expense of 500 euros within one month?,"[""Yes, without borrowing"", ""Yes, by borrowing or using credit"", ""No"", ""Not sure"", ""Prefer not to say""]","[""Clean control; no revision expected.""]",obvious,categorical_closed_ended,candidate-v1-clean-0009,final_gold_200_unique_v3_pure_loaded,,
gold-200-rewritten-023,False,,family/household,division of household tasks,How fair or unfair do you consider the current division of routine household tasks in your household?,"[""Very unfair"", ""Somewhat unfair"", ""Neither fair nor unfair"", ""Somewhat fair"", ""Very fair"", ""Not applicable""]",How fair or unfair do you consider the current division of routine household tasks in your household?,"[""Very unfair"", ""Somewhat unfair"", ""Neither fair nor unfair"", ""Somewhat fair"", ""Very fair"", ""Not applicable""]","[""Clean control; no revision expected.""]",realistic,ordinal_categories,candidate-v1-clean-0042,final_gold_200_unique_v3_pure_loaded,,
gold-200-rewritten-024,False,,media/culture,attendance at local cultural events,"During the last 3 months, how many times did you attend a cultural event such as a concert, exhibition, or theater performance?","[""0 times"", ""1 time"", ""2-3 times"", ""4 or more times""]","During the last 3 months, how many times did you attend a cultural event such as a concert, exhibition, or theater performance?","[""0 times"", ""1 time"", ""2-3 times"", ""4 or more times""]","[""Clean control; no revision expected.""]",borderline,numeric_ranges,candidate-v1-clean-0019,final_gold_200_unique_v3_pure_loaded,,
gold-200-rewritten-025,False,,politics/public policy,perceived usefulness of public consultation processes,How useful do you find public consultation processes for informing local policy decisions?,"[""Not at all useful"", ""Slightly useful"", ""Moderately useful"", ""Very useful"", ""Extremely useful"", ""I am not familiar with them""]",How useful do you find public consultation processes for informing local policy decisions?,"[""Not at all useful"", ""Slightly useful"", ""Moderately useful"", ""Very useful"", ""Extremely useful"", ""I am not familiar with them""]","[""Clean control; no revision expected.""]",obvious,ordinal_categories,candidate-v1-clean-0029,final_gold_200_unique_v3_pure_loaded,,
gold-200-rewritten-026,False,,sensitive behaviors,use of non-prescribed medication,"This question is optional. In the past year, did you use prescription medication that was not prescribed to you?","[""Yes"", ""No"", ""Prefer not to answer""]","This question is optional. In the past year, did you use prescription medication that was not prescribed to you?","[""Yes"", ""No"", ""Prefer not to answer""]","[""Clean control; no revision expected.""]",realistic,binary_yes_no,candidate-v1-clean-0083,final_gold_200_unique_v3_pure_loaded,,
gold-200-rewritten-027,False,,university life,feedback timing after assignments,"For courses this semester, how often did you receive feedback on assignments before the next related deadline?","[""Never"", ""Rarely"", ""Sometimes"", ""Often"", ""Always"", ""Not applicable""]","For courses this semester, how often did you receive feedback on assignments before the next related deadline?","[""Never"", ""Rarely"", ""Sometimes"", ""Often"", ""Always"", ""Not applicable""]","[""Clean control; no revision expected.""]",borderline,frequency,candidate-v1-clean-0022,final_gold_200_unique_v3_pure_loaded,,
gold-200-rewritten-028,False,,labor,perceived fairness of promotion criteria,How fair or unfair do you consider the promotion criteria used in your current or most recent workplace?,"[""Very unfair"", ""Somewhat unfair"", ""Neither fair nor unfair"", ""Somewhat fair"", ""Very fair"", ""Not applicable""]",How fair or unfair do you consider the promotion criteria used in your current or most recent workplace?,"[""Very unfair"", ""Somewhat unfair"", ""Neither fair nor unfair"", ""Somewhat fair"", ""Very fair"", ""Not applicable""]","[""Clean control; no revision expected.""]",obvious,ordinal_categories,candidate-v1-clean-0150,final_gold_200_unique_v3_pure_loaded,,
gold-200-rewritten-029,False,,health,preferred source for information about vaccination appointments,Where would you first look for information about vaccination appointments?,"[""Doctor or clinic"", ""Public health website"", ""Pharmacy"", ""Family or friends"", ""Social media"", ""Other""]",Where would you first look for information about vaccination appointments?,"[""Doctor or clinic"", ""Public health website"", ""Pharmacy"", ""Family or friends"", ""Social media"", ""Other""]","[""Clean control; no revision expected.""]",realistic,categorical_closed_ended,candidate-v1-clean-0004,final_gold_200_unique_v3_pure_loaded,,
gold-200-rewritten-030,False,,technology,frequency of checking app permissions,"In the last 6 months, how often did you review permissions granted to apps on your phone?","[""Never"", ""Once"", ""2-3 times"", ""4 or more times"", ""I do not use smartphone apps""]","In the last 6 months, how often did you review permissions granted to apps on your phone?","[""Never"", ""Once"", ""2-3 times"", ""4 or more times"", ""I do not use smartphone apps""]","[""Clean control; no revision expected.""]",borderline,frequency,candidate-v1-clean-0016,final_gold_200_unique_v3_pure_loaded,,
gold-200-rewritten-031,False,,education,importance of class-size reductions,How important or unimportant do you think reducing class sizes is for improving classroom learning?,"[""Very unimportant"", ""Somewhat unimportant"", ""Neither important nor unimportant"", ""Somewhat important"", ""Very important""]",How important or unimportant do you think reducing class sizes is for improving classroom learning?,"[""Very unimportant"", ""Somewhat unimportant"", ""Neither important nor unimportant"", ""Somewhat important"", ""Very important""]","[""Clean control; no revision expected.""]",obvious,ordinal_categories,candidate-v1-clean-0096,final_gold_200_unique_v3_pure_loaded,,
gold-200-rewritten-032,False,,environment,support for separate food-waste collection,Do you support or oppose introducing separate food-waste collection in your municipality?,"[""Strongly oppose"", ""Somewhat oppose"", ""Neither support nor oppose"", ""Somewhat support"", ""Strongly support""]",Do you support or oppose introducing separate food-waste collection in your municipality?,"[""Strongly oppose"", ""Somewhat oppose"", ""Neither support nor oppose"", ""Somewhat support"", ""Strongly support""]","[""Clean control; no revision expected.""]",realistic,support_oppose,candidate-v1-clean-0046,final_gold_200_unique_v3_pure_loaded,,
gold-200-rewritten-033,False,,public services,recent use of municipal service portal,"In the past 12 months, have you used a municipal online portal to request a service or submit a document?","[""Yes"", ""No"", ""Not sure""]","In the past 12 months, have you used a municipal online portal to request a service or submit a document?","[""Yes"", ""No"", ""Not sure""]","[""Clean control; no revision expected.""]",borderline,binary_yes_no,candidate-v1-clean-0017,final_gold_200_unique_v3_pure_loaded,,
gold-200-rewritten-034,False,,work,main factor when choosing remote-work days,What is the main factor you consider when deciding whether to work remotely on a given day?,[],What is the main factor you consider when deciding whether to work remotely on a given day?,[],"[""Clean control; no revision expected.""]",obvious,open_ended,candidate-v1-clean-0053,final_gold_200_unique_v3_pure_loaded,,
gold-200-rewritten-035,False,,family/household,housing crowding relative to household needs,How well does your current home meet your household’s need for space?,"[""Very poorly"", ""Somewhat poorly"", ""Neither poorly nor well"", ""Somewhat well"", ""Very well""]",How well does your current home meet your household’s need for space?,"[""Very poorly"", ""Somewhat poorly"", ""Neither poorly nor well"", ""Somewhat well"", ""Very well""]","[""Clean control; no revision expected.""]",realistic,ordinal_categories,candidate-v1-clean-0186,final_gold_200_unique_v3_pure_loaded,,
gold-200-rewritten-036,False,,media/culture,trust in information from public broadcasters,How much do you trust public broadcasters for information about local events?,"[""Do not trust at all"", ""Trust a little"", ""Trust somewhat"", ""Trust a lot"", ""Trust completely""]",How much do you trust public broadcasters for information about local events?,"[""Do not trust at all"", ""Trust a little"", ""Trust somewhat"", ""Trust a lot"", ""Trust completely""]","[""Clean control; no revision expected.""]",borderline,ordinal_categories,candidate-v1-clean-0123,final_gold_200_unique_v3_pure_loaded,,
gold-200-rewritten-037,False,,politics/public policy,participation in a public consultation,"In the previous year, did you participate in any public consultation, such as an online survey, town hall, or written comment process?","[""Yes"", ""No"", ""Not sure""]","In the previous year, did you participate in any public consultation, such as an online survey, town hall, or written comment process?","[""Yes"", ""No"", ""Not sure""]","[""Clean control; no revision expected.""]",obvious,binary_yes_no,candidate-v1-clean-0173,final_gold_200_unique_v3_pure_loaded,,
gold-200-rewritten-038,False,,university life,reasons for using academic advising,What is the main reason you last contacted an academic advising service?,[],What is the main reason you last contacted an academic advising service?,[],"[""Clean control; no revision expected.""]",realistic,open_ended,candidate-v1-clean-0026,final_gold_200_unique_v3_pure_loaded,,
gold-200-rewritten-039,False,,finances,preferred method for receiving utility bills,How would you prefer to receive utility bills?,"[""Email"", ""Postal mail"", ""App notification"", ""Online customer portal"", ""No preference"", ""Other""]",How would you prefer to receive utility bills?,"[""Email"", ""Postal mail"", ""App notification"", ""Online customer portal"", ""No preference"", ""Other""]","[""Clean control; no revision expected.""]",borderline,categorical_closed_ended,candidate-v1-clean-0045,final_gold_200_unique_v3_pure_loaded,,
gold-200-rewritten-040,False,,sensitive behaviors,frequency of gambling with money,"Some people prefer not to answer questions about gambling. During the last 12 months, how often did you gamble with money?","[""Never"", ""Once"", ""A few times"", ""Monthly or more often"", ""Prefer not to answer""]","Some people prefer not to answer questions about gambling. During the last 12 months, how often did you gamble with money?","[""Never"", ""Once"", ""A few times"", ""Monthly or more often"", ""Prefer not to answer""]","[""Clean control; no revision expected.""]",obvious,frequency,candidate-v1-clean-0014,final_gold_200_unique_v3_pure_loaded,,
gold-200-rewritten-041,True,leading_question,environment,support for protected bike lanes near schools,"Because safer routes clearly help children get to school, should the city add protected bike lanes near school entrances?","[""Yes"", ""No""]",To what extent do you support or oppose adding protected bike lanes near school entrances?,"[""Strongly oppose"", ""Somewhat oppose"", ""Neither support nor oppose"", ""Somewhat support"", ""Strongly support""]","[""Remove the persuasive justification and ask for support or opposition neutrally.""]",realistic,binary_yes_no,candidate-v1-single-leading-question-013,final_gold_200_unique_v3_pure_loaded,,
gold-200-rewritten-042,True,leading_question,public services,support for evening hours at municipal service offices,Most busy residents would benefit from evening service-office hours; do you think the municipality should offer them?,"[""Yes"", ""No""]",To what extent do you support or oppose offering evening hours at municipal service offices?,"[""Strongly oppose"", ""Somewhat oppose"", ""Neither support nor oppose"", ""Somewhat support"", ""Strongly support""]","[""Remove the claim about what most residents need and use a balanced support-oppose scale.""]",borderline,binary_yes_no,candidate-v1-single-leading-question-023,final_gold_200_unique_v3_pure_loaded,,
gold-200-rewritten-043,True,leading_question,technology,support for default privacy protections in student apps,Wouldn’t you agree that student apps should have privacy-protective settings turned on by default?,"[""Yes"", ""No""]",To what extent do you support or oppose privacy-protective default settings in student apps?,"[""Strongly oppose"", ""Somewhat oppose"", ""Neither support nor oppose"", ""Somewhat support"", ""Strongly support""]","[""Replace the agreement cue with a neutral request about support or opposition.""]",obvious,binary_yes_no,candidate-v1-single-leading-question-011,final_gold_200_unique_v3_pure_loaded,,
gold-200-rewritten-044,True,leading_question,health,support for free mental-health drop-in hours,"Given the importance of mental health, should universities provide free drop-in counseling hours every week?","[""Yes"", ""No""]",To what extent do you support or oppose universities providing free weekly drop-in counseling hours?,"[""Strongly oppose"", ""Somewhat oppose"", ""Neither support nor oppose"", ""Somewhat support"", ""Strongly support""]","[""Remove the value-laden preface so the item does not steer respondents toward support.""]",realistic,binary_yes_no,candidate-v1-single-leading-question-003,final_gold_200_unique_v3_pure_loaded,,
gold-200-rewritten-045,True,leading_question,labor,support for advance notice of shift changes,Isn’t it only fair that employers give workers at least two weeks’ notice before changing shifts?,"[""Yes"", ""No""]",To what extent do you support or oppose requiring employers to give at least two weeks’ notice before changing shifts?,"[""Strongly oppose"", ""Somewhat oppose"", ""Neither support nor oppose"", ""Somewhat support"", ""Strongly support""]","[""Remove the fairness cue and ask the policy preference directly.""]",borderline,binary_yes_no,candidate-v1-single-leading-question-007,final_gold_200_unique_v3_pure_loaded,,
gold-200-rewritten-046,True,leading_question,media/culture,support for public funding of local arts venues,"Since local arts venues bring communities together, should public funds be used to support them?","[""Yes"", ""No""]",To what extent do you support or oppose using public funds to support local arts venues?,"[""Strongly oppose"", ""Somewhat oppose"", ""Neither support nor oppose"", ""Somewhat support"", ""Strongly support""]","[""Remove the one-sided rationale and present the funding proposal neutrally.""]",obvious,binary_yes_no,candidate-v1-single-leading-question-019,final_gold_200_unique_v3_pure_loaded,,
gold-200-rewritten-047,True,leading_question,finances,support for automatic reminders before bank overdraft fees,Don’t you think banks should obviously warn customers before charging overdraft fees?,"[""Yes"", ""No""]",To what extent do you support or oppose requiring banks to send reminders before charging overdraft fees?,"[""Strongly oppose"", ""Somewhat oppose"", ""Neither support nor oppose"", ""Somewhat support"", ""Strongly support""]","[""Avoid wording that implies the preferred answer is obvious.""]",realistic,binary_yes_no,candidate-v1-single-leading-question-009,final_gold_200_unique_v3_pure_loaded,,
gold-200-rewritten-048,True,leading_question,university life,support for longer library opening hours during exams,Students clearly need more study time during exams; should the library stay open later?,"[""Yes"", ""No""]",To what extent do you support or oppose extending library opening hours during exam periods?,"[""Strongly oppose"", ""Somewhat oppose"", ""Neither support nor oppose"", ""Somewhat support"", ""Strongly support""]","[""Remove the leading justification and use a balanced answer scale.""]",borderline,binary_yes_no,candidate-v1-single-leading-question-021,final_gold_200_unique_v3_pure_loaded,,
gold-200-rewritten-049,True,loaded_question,finances,effect of account fees on monthly available money,How much did the bank's hidden account fees reduce the money you had available for monthly expenses?,"[""Not at all"", ""Slightly"", ""Moderately"", ""A great deal"", ""I did not have account fees"", ""Not sure""]","During the last 12 months, how much did account fees, if any, affect the money you had available for monthly expenses?","[""Not at all"", ""Slightly"", ""Moderately"", ""A great deal"", ""I did not have account fees"", ""Not sure""]","[""Remove the presupposition that the fees were hidden and ask neutrally about the effect, if any."", ""Keep a no-applicable-fees option so the flaw is not incomplete response coverage.""]",obvious,ordinal_categories,candidate-v1-single-loaded-question-001,final_gold_200_unique_v3_pure_loaded,True,"loaded_question purity: remove incomplete-options contamination by making the loaded premise stem-based and adding neutral, no-event, open, or balanced response paths."
gold-200-rewritten-050,True,loaded_question,university life,effect of course registration portal on semester planning,In what ways did the confusing course registration portal make it harder for you to plan this semester?,[],"In what ways, if any, did the course registration portal affect your ability to plan this semester?",[],"[""Remove the presuppositions that the portal was confusing and that it made planning harder."", ""Use an open-ended response so no closed option coverage problem is introduced.""]",realistic,open_ended,candidate-v1-single-loaded-question-002,final_gold_200_unique_v3_pure_loaded,True,"loaded_question purity: remove incomplete-options contamination by making the loaded premise stem-based and adding neutral, no-event, open, or balanced response paths."
gold-200-rewritten-051,True,loaded_question,technology,frequency of campus app login problems preventing service access,"During the last month, how often did the campus app's recurring login problems prevent you from accessing university services?","[""Never"", ""Once"", ""2-3 times"", ""4 or more times"", ""I did not use the campus app this month""]","During the last month, how often, if at all, did login problems with the campus app prevent you from accessing university services?","[""Never"", ""Once"", ""2-3 times"", ""4 or more times"", ""I did not use the campus app this month""]","[""Remove the presupposition that login problems were recurring."", ""Retain never and non-user options to avoid incomplete response alternatives.""]",borderline,frequency,candidate-v1-single-loaded-question-004,final_gold_200_unique_v3_pure_loaded,True,"loaded_question purity: remove incomplete-options contamination by making the loaded premise stem-based and adding neutral, no-event, open, or balanced response paths."
gold-200-rewritten-052,True,loaded_question,labor,extra time attributed to shift-scheduling system,"Last month, how much extra time did the poorly organized shift-scheduling system create for you?","[""No extra time"", ""Less than 30 minutes"", ""30 minutes to 2 hours"", ""More than 2 hours"", ""Not applicable""]","Last month, how much extra time, if any, did the shift-scheduling system create for you?","[""No extra time"", ""Less than 30 minutes"", ""30 minutes to 2 hours"", ""More than 2 hours"", ""Not applicable""]","[""Remove the presupposition that the scheduling system was poorly organized."", ""Include a no-extra-time option so respondents are not forced to report a burden.""]",obvious,numeric_ranges,candidate-v1-single-loaded-question-007,final_gold_200_unique_v3_pure_loaded,True,"loaded_question purity: remove incomplete-options contamination by making the loaded premise stem-based and adding neutral, no-event, open, or balanced response paths."
gold-200-rewritten-053,True,loaded_question,family/household,household task affected by building maintenance service,"Which household task, if any, was most affected by your building's unreliable maintenance service this winter?","[""No household task was affected"", ""Cleaning"", ""Laundry"", ""Cooking"", ""Childcare or care work"", ""Another household task"", ""Not applicable""]","This winter, did building maintenance service affect any household task? If yes, which task was most affected?","[""No household task was affected"", ""Cleaning"", ""Laundry"", ""Cooking"", ""Childcare or care work"", ""Another household task"", ""Not applicable""]","[""Remove the presupposition that the maintenance service was unreliable."", ""Ask first whether a task was affected and include no-event and not-applicable options.""]",realistic,categorical_closed_ended,candidate-v1-single-loaded-question-006,final_gold_200_unique_v3_pure_loaded,True,"loaded_question purity: remove incomplete-options contamination by making the loaded premise stem-based and adding neutral, no-event, open, or balanced response paths."
gold-200-rewritten-054,True,loaded_question,mobility,effect of roadworks on usual commute,What effect did the city's poorly timed roadworks have on your usual commute last week?,"[""Made it easier"", ""No effect"", ""Made it slightly harder"", ""Made it moderately harder"", ""Made it much harder"", ""I did not make this commute last week""]","Last week, what effect, if any, did the city's roadworks have on your usual commute?","[""Made it easier"", ""No effect"", ""Made it slightly harder"", ""Made it moderately harder"", ""Made it much harder"", ""I did not make this commute last week""]","[""Remove the presupposition that the roadworks were poorly timed."", ""Use balanced effect categories so the item is not also incomplete or unbalanced.""]",borderline,ordinal_categories,candidate-v1-single-loaded-question-003,final_gold_200_unique_v3_pure_loaded,True,"loaded_question purity: remove incomplete-options contamination by making the loaded premise stem-based and adding neutral, no-event, open, or balanced response paths."
gold-200-rewritten-055,True,loaded_question,politics/public policy,support for reducing spending on decorative public signs,Do you support or oppose reducing the city's excessive spending on decorative public signs?,"[""Strongly oppose"", ""Somewhat oppose"", ""Neither support nor oppose"", ""Somewhat support"", ""Strongly support"", ""Not sure""]",Do you support or oppose reducing city spending on decorative public signs?,"[""Strongly oppose"", ""Somewhat oppose"", ""Neither support nor oppose"", ""Somewhat support"", ""Strongly support"", ""Not sure""]","[""Remove the presupposition that the spending is excessive."", ""Keep a balanced support-oppose scale.""]",obvious,support_oppose,candidate-v1-single-loaded-question-009,final_gold_200_unique_v3_pure_loaded,True,"loaded_question purity: remove incomplete-options contamination by making the loaded premise stem-based and adding neutral, no-event, open, or balanced response paths."
gold-200-rewritten-056,True,loaded_question,health,whether clinic appointment reminders caused missed or rescheduled appointments,"This year, did the clinic's confusing appointment reminders cause you to miss or reschedule an appointment?","[""Yes"", ""No"", ""I did not receive clinic appointment reminders this year"", ""I did not have clinic appointments this year""]","This year, did appointment reminders from a clinic cause you to miss or reschedule an appointment?","[""Yes"", ""No"", ""I did not receive clinic appointment reminders this year"", ""I did not have clinic appointments this year""]","[""Remove the presupposition that the reminders were confusing."", ""Include no-reminder and no-appointment paths to avoid incomplete response coverage.""]",realistic,binary_yes_no,candidate-v1-single-loaded-question-005,final_gold_200_unique_v3_pure_loaded,True,"loaded_question purity: remove incomplete-options contamination by making the loaded premise stem-based and adding neutral, no-event, open, or balanced response paths."
gold-200-rewritten-057,True,double_barreled,public services,satisfaction with clarity of forms and waiting times,Please rate your satisfaction with the clarity of municipal forms and the waiting time for appointments at the service office.,"[""Very dissatisfied"", ""Somewhat dissatisfied"", ""Neither satisfied nor dissatisfied"", ""Somewhat satisfied"", ""Very satisfied""]",How satisfied or dissatisfied are you with the clarity of municipal forms?,"[""Very dissatisfied"", ""Somewhat dissatisfied"", ""Neither satisfied nor dissatisfied"", ""Somewhat satisfied"", ""Very satisfied""]","[""Split the form-clarity and appointment-waiting-time constructs into separate items.""]",borderline,ordinal_categories,candidate-v1-single-double-barreled-001,final_gold_200_unique_v3_pure_loaded,,
gold-200-rewritten-058,True,double_barreled,mobility,evaluation of bus punctuality and ticket prices,How would you rate the punctuality of buses and the affordability of ticket prices in your area?,"[""Very poor"", ""Poor"", ""Neither poor nor good"", ""Good"", ""Very good""]",How would you rate the punctuality of buses in your area?,"[""Very poor"", ""Poor"", ""Neither poor nor good"", ""Good"", ""Very good""]","[""Ask about punctuality separately from ticket affordability.""]",obvious,ordinal_categories,candidate-v1-single-double-barreled-002,final_gold_200_unique_v3_pure_loaded,,
gold-200-rewritten-059,True,double_barreled,health,satisfaction with doctor availability and explanation quality,"When seeking care, how satisfied are you with appointment availability and how clearly doctors explain treatments?","[""Very dissatisfied"", ""Somewhat dissatisfied"", ""Neither satisfied nor dissatisfied"", ""Somewhat satisfied"", ""Very satisfied""]",How satisfied or dissatisfied are you with how easy it is to get a doctor appointment?,"[""Very dissatisfied"", ""Somewhat dissatisfied"", ""Neither satisfied nor dissatisfied"", ""Somewhat satisfied"", ""Very satisfied""]","[""Separate access to appointments from quality of explanations.""]",realistic,ordinal_categories,candidate-v1-single-double-barreled-003,final_gold_200_unique_v3_pure_loaded,,
gold-200-rewritten-060,True,double_barreled,university life,trust in data security and ease of use of university platforms,"When using the university online platform, how much do you trust it to protect your data and be easy to use?","[""Do not trust at all"", ""Trust a little"", ""Trust somewhat"", ""Trust a lot"", ""Trust completely""]",How much do you trust the university online platform to protect your data?,"[""Do not trust at all"", ""Trust a little"", ""Trust somewhat"", ""Trust a lot"", ""Trust completely""]","[""Data protection and ease of use are different concepts and should be asked separately.""]",borderline,ordinal_categories,candidate-v1-single-double-barreled-008,final_gold_200_unique_v3_pure_loaded,,
gold-200-rewritten-061,True,double_barreled,family/household,fairness of chores and childcare division,"In your household, how fair is the division of routine chores and childcare responsibilities?","[""Very unfair"", ""Somewhat unfair"", ""Neither fair nor unfair"", ""Somewhat fair"", ""Very fair"", ""Not applicable""]",How fair or unfair is the division of routine household chores in your household?,"[""Very unfair"", ""Somewhat unfair"", ""Neither fair nor unfair"", ""Somewhat fair"", ""Very fair"", ""Not applicable""]","[""Separate routine chores from childcare responsibilities.""]",obvious,ordinal_categories,candidate-v1-single-double-barreled-010,final_gold_200_unique_v3_pure_loaded,,
gold-200-rewritten-062,True,double_barreled,labor,satisfaction with pay and schedule flexibility,"Overall, how satisfied are you with your pay and your ability to adjust your work schedule?","[""Very dissatisfied"", ""Somewhat dissatisfied"", ""Neither satisfied nor dissatisfied"", ""Somewhat satisfied"", ""Very satisfied"", ""Not applicable""]",How satisfied or dissatisfied are you with your pay?,"[""Very dissatisfied"", ""Somewhat dissatisfied"", ""Neither satisfied nor dissatisfied"", ""Somewhat satisfied"", ""Very satisfied"", ""Not applicable""]","[""Ask pay satisfaction separately from schedule flexibility.""]",realistic,ordinal_categories,candidate-v1-single-double-barreled-005,final_gold_200_unique_v3_pure_loaded,,
gold-200-rewritten-063,True,double_barreled,environment,concern about air quality and noise,Please rate your concern about air quality and noise levels in your neighborhood.,"[""Not at all concerned"", ""Slightly concerned"", ""Moderately concerned"", ""Very concerned"", ""Extremely concerned""]",How concerned are you about air quality in your neighborhood?,"[""Not at all concerned"", ""Slightly concerned"", ""Moderately concerned"", ""Very concerned"", ""Extremely concerned""]","[""Separate air quality from noise levels because respondents may evaluate them differently.""]",borderline,ordinal_categories,candidate-v1-single-double-barreled-009,final_gold_200_unique_v3_pure_loaded,,
gold-200-rewritten-064,True,double_barreled,university life,evaluation of teaching quality and cafeteria prices,How would you rate the quality of teaching and the affordability of cafeteria meals this semester?,"[""Very poor"", ""Poor"", ""Neither poor nor good"", ""Good"", ""Very good""]",How would you rate the quality of teaching this semester?,"[""Very poor"", ""Poor"", ""Neither poor nor good"", ""Good"", ""Very good""]","[""Split teaching quality and cafeteria affordability into separate items.""]",obvious,ordinal_categories,candidate-v1-single-double-barreled-012,final_gold_200_unique_v3_pure_loaded,,
gold-200-rewritten-065,True,recall_error,media/culture,frequency of checking local event listings,"Over the last 12 months, how many times did you check online listings for local events?","[""0 times"", ""1-10 times"", ""11-50 times"", ""More than 50 times""]","In the past 30 days, how often did you check online listings for local events?","[""Never"", ""Once"", ""2-3 times"", ""Weekly"", ""Several times per week""]","[""Shorten the recall period for a routine online behavior.""]",realistic,frequency,candidate-v1-single-recall-error-001,final_gold_200_unique_v3_pure_loaded,,
gold-200-rewritten-066,True,recall_error,mobility,frequency of cycling trips,"During the last year, how many individual trips did you make by bicycle?","[""0 trips"", ""1-20 trips"", ""21-100 trips"", ""More than 100 trips""]","In the past 7 days, how many trips did you make by bicycle?","[""0 trips"", ""1 trip"", ""2-3 trips"", ""4-6 trips"", ""7 or more trips""]","[""Use a shorter reference period that respondents can estimate more reliably.""]",borderline,frequency,candidate-v1-single-recall-error-002,final_gold_200_unique_v3_pure_loaded,,
gold-200-rewritten-067,True,recall_error,health,frequency of eating vegetables,"In the past 12 months, on how many days did you eat vegetables?","[""0-30 days"", ""31-120 days"", ""121-240 days"", ""More than 240 days""]","In the past 7 days, on how many days did you eat vegetables?","[""0 days"", ""1-2 days"", ""3-4 days"", ""5-6 days"", ""7 days""]","[""Avoid asking respondents to count a frequent behavior across a full year.""]",obvious,frequency,candidate-v1-single-recall-error-003,final_gold_200_unique_v3_pure_loaded,,
gold-200-rewritten-068,True,recall_error,technology,frequency of dismissing phone notifications,"Thinking about the last 12 months, how many times did you dismiss notifications on your phone without reading them?","[""0 times"", ""1-50 times"", ""51-200 times"", ""More than 200 times""]","Yesterday, about how often did you dismiss phone notifications without reading them?","[""Never"", ""1-5 times"", ""6-10 times"", ""11-20 times"", ""More than 20 times""]","[""Reduce recall burden for a high-frequency behavior.""]",realistic,frequency,candidate-v1-single-recall-error-008,final_gold_200_unique_v3_pure_loaded,,
gold-200-rewritten-069,True,recall_error,work,frequency of checking work messages after hours,"Thinking back over the previous year, how many evenings did you check work messages after your scheduled hours?","[""0 evenings"", ""1-20 evenings"", ""21-100 evenings"", ""More than 100 evenings"", ""Not applicable""]","During the past 14 days, on how many evenings did you check work messages after your scheduled hours?","[""0 evenings"", ""1-2 evenings"", ""3-5 evenings"", ""6-10 evenings"", ""More than 10 evenings"", ""Not applicable""]","[""Use a shorter period for repeated after-hours behavior.""]",borderline,frequency,candidate-v1-single-recall-error-005,final_gold_200_unique_v3_pure_loaded,,
gold-200-rewritten-070,True,recall_error,education,frequency of reviewing lecture notes,"Since the beginning of the academic year, how many times have you reviewed lecture notes after class?","[""0 times"", ""1-10 times"", ""11-50 times"", ""More than 50 times""]","During the last 2 weeks of classes, how often did you review lecture notes after class?","[""Not at all"", ""Once"", ""2-3 times"", ""4-6 times"", ""7 or more times""]","[""Shorten the reference period to improve recall accuracy.""]",obvious,frequency,candidate-v1-single-recall-error-004,final_gold_200_unique_v3_pure_loaded,,
gold-200-rewritten-071,True,recall_error,public services,frequency of visiting municipal websites,"Over the past 12 months, how many times did you visit a municipal website to look for information?","[""0 times"", ""1-5 times"", ""6-20 times"", ""More than 20 times""]","In the past 3 months, how often did you visit a municipal website to look for information?","[""Never"", ""Once"", ""2-3 times"", ""Monthly"", ""More than monthly""]","[""Use a time frame that matches the salience of the behavior.""]",realistic,frequency,candidate-v1-single-recall-error-012,final_gold_200_unique_v3_pure_loaded,,
gold-200-rewritten-072,True,recall_error,finances,frequency of checking account balance,"In the last year, how many times did you check the balance of your main bank account?","[""0 times"", ""1-20 times"", ""21-100 times"", ""More than 100 times""]","In the past 7 days, how often did you check the balance of your main bank account?","[""Not at all"", ""Once"", ""2-3 times"", ""4-6 times"", ""Daily""]","[""Ask about a recent short period for a frequent financial behavior.""]",borderline,frequency,candidate-v1-single-recall-error-007,final_gold_200_unique_v3_pure_loaded,,
gold-200-rewritten-073,True,vague_ambiguous,public services,clarity of eligibility information for housing support,How good is the city’s help for people who need housing support?,"[""Bad"", ""Okay"", ""Good""]",How clear or unclear was the eligibility information for housing support on the city website the last time you looked for it?,"[""Very unclear"", ""Somewhat unclear"", ""Neither clear nor unclear"", ""Somewhat clear"", ""Very clear"", ""Not applicable""]","[""Specify the service element and use interpretable response labels.""]",obvious,ordinal_categories,candidate-v1-single-vague-ambiguous-001,final_gold_200_unique_v3_pure_loaded,,
gold-200-rewritten-074,True,vague_ambiguous,health,perceived access to mental health services,Do you have enough access to mental health support?,"[""No"", ""Maybe"", ""Yes""]",How easy or difficult would it be for you to arrange an appointment with a mental health professional within the next 4 weeks?,"[""Very difficult"", ""Somewhat difficult"", ""Neither easy nor difficult"", ""Somewhat easy"", ""Very easy"", ""Not sure""]","[""Clarify what access means and define a concrete time frame.""]",realistic,ordinal_categories,candidate-v1-single-vague-ambiguous-003,final_gold_200_unique_v3_pure_loaded,,
gold-200-rewritten-075,True,vague_ambiguous,university life,perceived quality of campus Wi-Fi,How is the Wi-Fi these days?,"[""Bad"", ""Fine"", ""Good""]","During the last 2 weeks on campus, how satisfied or dissatisfied were you with the reliability of the Wi-Fi connection?","[""Very dissatisfied"", ""Somewhat dissatisfied"", ""Neither satisfied nor dissatisfied"", ""Somewhat satisfied"", ""Very satisfied"", ""Not applicable""]","[""Replace vague wording with a specific setting and attribute.""]",borderline,ordinal_categories,candidate-v1-single-vague-ambiguous-008,final_gold_200_unique_v3_pure_loaded,,
gold-200-rewritten-076,True,vague_ambiguous,work,sense of work-life balance,Is your work-life balance okay?,"[""No"", ""Somewhat"", ""Yes""]","During the last 4 weeks, how satisfied or dissatisfied were you with the amount of time left for personal life after work?","[""Very dissatisfied"", ""Somewhat dissatisfied"", ""Neither satisfied nor dissatisfied"", ""Somewhat satisfied"", ""Very satisfied"", ""Not applicable""]","[""Define the construct more precisely and provide balanced response options.""]",obvious,ordinal_categories,candidate-v1-single-vague-ambiguous-005,final_gold_200_unique_v3_pure_loaded,,
gold-200-rewritten-077,True,vague_ambiguous,environment,views about local green areas,What do you think about green spaces around here?,"[""Bad"", ""Average"", ""Good""]",How satisfied or dissatisfied are you with the availability of public green spaces within walking distance of your home?,"[""Very dissatisfied"", ""Somewhat dissatisfied"", ""Neither satisfied nor dissatisfied"", ""Somewhat satisfied"", ""Very satisfied"", ""Not sure""]","[""Specify the aspect of green spaces and the reference area.""]",realistic,ordinal_categories,candidate-v1-single-vague-ambiguous-009,final_gold_200_unique_v3_pure_loaded,,
gold-200-rewritten-078,True,vague_ambiguous,education,assessment of academic support,Was academic support useful?,"[""Not useful"", ""Useful""]",How useful or not useful was academic support for understanding course requirements this semester?,"[""Not at all useful"", ""Slightly useful"", ""Moderately useful"", ""Very useful"", ""Extremely useful"", ""Did not use academic support""]","[""State the support type and reference period explicitly.""]",borderline,ordinal_categories,candidate-v1-single-vague-ambiguous-004,final_gold_200_unique_v3_pure_loaded,,
gold-200-rewritten-079,True,vague_ambiguous,family/household,perceived adequacy of childcare options,Are childcare options in your area good?,"[""No"", ""Somewhat"", ""Yes""]",How satisfied or dissatisfied are you with the availability of childcare options within 30 minutes of your home?,"[""Very dissatisfied"", ""Somewhat dissatisfied"", ""Neither satisfied nor dissatisfied"", ""Somewhat satisfied"", ""Very satisfied"", ""Not applicable""]","[""Clarify the dimension of childcare and the geographic reference.""]",obvious,ordinal_categories,candidate-v1-single-vague-ambiguous-010,final_gold_200_unique_v3_pure_loaded,,
gold-200-rewritten-080,True,vague_ambiguous,media/culture,perceived relevance of local news,How relevant is local news for you?,"[""Not relevant"", ""Relevant""]",How relevant or irrelevant are local news stories to decisions you make about activities in your area?,"[""Very irrelevant"", ""Somewhat irrelevant"", ""Neither relevant nor irrelevant"", ""Somewhat relevant"", ""Very relevant""]","[""Specify what relevance refers to and balance the response options.""]",realistic,ordinal_categories,candidate-v1-single-vague-ambiguous-011,final_gold_200_unique_v3_pure_loaded,,
gold-200-rewritten-081,True,sensitive_topic_direct,finances,late rent or mortgage payments,Have you been late paying rent or a mortgage in the last 12 months?,"[""Yes"", ""No""]","People have different experiences, and you may skip this question. In the last 12 months, were you late paying rent or a mortgage?","[""Yes"", ""No"", ""Prefer not to answer""]","[""Reduce threat and provide a prefer-not-to-answer option.""]",borderline,binary_yes_no,candidate-v1-single-sensitive-topic-direct-001,final_gold_200_unique_v3_pure_loaded,,
gold-200-rewritten-082,True,sensitive_topic_direct,sensitive behaviors,use of unauthorized assistance in assignments,Did you use unauthorized help to complete an assignment this semester?,"[""Yes"", ""No""]","People have different experiences, and you may skip this question. This semester, did you use help that was not allowed for an assignment?","[""Yes"", ""No"", ""Prefer not to answer""]","[""Add permission to skip and soften the sensitive wording without changing the construct.""]",obvious,binary_yes_no,candidate-v1-single-sensitive-topic-direct-002,final_gold_200_unique_v3_pure_loaded,,
gold-200-rewritten-083,True,sensitive_topic_direct,sensitive behaviors,recreational drug use,Have you used illegal drugs in the past 12 months?,"[""Yes"", ""No""]","People have different experiences, and you may skip this question. During the past 12 months, did you use any drugs that were not legally available to you?","[""Yes"", ""No"", ""Prefer not to answer""]","[""Use less accusatory wording and include a prefer-not-to-answer option.""]",realistic,binary_yes_no,candidate-v1-single-sensitive-topic-direct-003,final_gold_200_unique_v3_pure_loaded,,
gold-200-rewritten-084,True,sensitive_topic_direct,labor,being disciplined at work,Were you formally disciplined by your employer in the last year?,"[""Yes"", ""No""]","People have different employment experiences, and you may skip this question. During the last year, were you formally disciplined by an employer?","[""Yes"", ""No"", ""Prefer not to answer"", ""Not applicable""]","[""Normalize the sensitivity and allow nonresponse or not-applicable.""]",borderline,binary_yes_no,candidate-v1-single-sensitive-topic-direct-007,final_gold_200_unique_v3_pure_loaded,,
gold-200-rewritten-085,True,sensitive_topic_direct,family/household,household conflict involving shouting,Did someone in your household shout at or threaten you in the last 6 months?,"[""Yes"", ""No""]","People have different household experiences, and you may skip this question. In the last 6 months, did someone in your household shout at or threaten you?","[""Yes"", ""No"", ""Prefer not to answer"", ""Not applicable""]","[""Add a protective introduction and an explicit nonresponse option.""]",obvious,binary_yes_no,candidate-v1-single-sensitive-topic-direct-006,final_gold_200_unique_v3_pure_loaded,,
gold-200-rewritten-086,True,sensitive_topic_direct,health,avoiding medical care because of embarrassment,Did you avoid medical care because you were embarrassed about your symptoms?,"[""Yes"", ""No""]","People have different experiences, and you may skip this question. In the last 12 months, did embarrassment about symptoms lead you to avoid medical care?","[""Yes"", ""No"", ""Prefer not to answer""]","[""Reduce judgmental tone and include a prefer-not-to-answer option.""]",realistic,binary_yes_no,candidate-v1-single-sensitive-topic-direct-005,final_gold_200_unique_v3_pure_loaded,,
gold-200-rewritten-087,True,sensitive_topic_direct,sensitive behaviors,looking at someone else’s private messages,Have you looked at someone else’s private messages without permission in the last year?,"[""Yes"", ""No""]","People have different experiences, and you may skip this question. In the last year, did you look at someone else’s private messages without their permission?","[""Yes"", ""No"", ""Prefer not to answer""]","[""Retain the construct but reduce threat and allow refusal.""]",borderline,binary_yes_no,candidate-v1-single-sensitive-topic-direct-004,final_gold_200_unique_v3_pure_loaded,,
gold-200-rewritten-088,True,sensitive_topic_direct,university life,academic probation or formal warning,Are you currently on academic probation or under a formal academic warning?,"[""Yes"", ""No""]","People have different academic experiences, and you may skip this question. Are you currently on academic probation or under a formal academic warning?","[""Yes"", ""No"", ""Prefer not to answer"", ""Not sure""]","[""Add a neutral preface and a nonresponse option for the sensitive status item.""]",obvious,binary_yes_no,candidate-v1-single-sensitive-topic-direct-010,final_gold_200_unique_v3_pure_loaded,,
gold-200-rewritten-089,True,social_desirability,environment,frequency of sorting recyclable waste,"When your household handles waste, how often do you responsibly sort it for recycling, as everyone should?","[""Never"", ""Sometimes"", ""Always""]","During a typical week, how often do you sort household waste for recycling?","[""Never"", ""Rarely"", ""Sometimes"", ""Often"", ""Very often"", ""Not applicable""]","[""Remove the moral cue and ask about the behavior neutrally.""]",realistic,frequency,candidate-v1-single-social-desirability-009,final_gold_200_unique_v3_pure_loaded,,
gold-200-rewritten-090,True,social_desirability,health,frequency of eating fruit,"In a typical day, how often do you make the healthy choice to eat fruit?","[""Rarely"", ""Usually"", ""Always""]","In the past 7 days, on how many days did you eat at least one portion of fruit?","[""0 days"", ""1-2 days"", ""3-4 days"", ""5-6 days"", ""7 days""]","[""Avoid wording that praises one response as healthy.""]",borderline,frequency,candidate-v1-single-social-desirability-003,final_gold_200_unique_v3_pure_loaded,,
gold-200-rewritten-091,True,social_desirability,politics/public policy,voting participation,Responsible citizens vote in local elections. Did you vote in the most recent local election?,"[""Yes"", ""No""]",Did you vote in the most recent local election?,"[""Yes"", ""No"", ""Not eligible to vote"", ""Prefer not to answer""]","[""Remove the civic-duty cue that pressures respondents toward yes.""]",obvious,binary_yes_no,candidate-v1-single-social-desirability-013,final_gold_200_unique_v3_pure_loaded,,
gold-200-rewritten-092,True,social_desirability,work,reporting errors at work,"At work, how often do you honestly report mistakes instead of hiding them?","[""Never"", ""Sometimes"", ""Always"", ""Not applicable""]","In the last 3 months, how often did you report a work mistake to the person responsible for handling it?","[""Never"", ""Once"", ""2-3 times"", ""4 or more times"", ""No relevant mistake occurred"", ""Not applicable""]","[""Remove the honesty judgment and define the behavior.""]",realistic,frequency,candidate-v1-single-social-desirability-005,final_gold_200_unique_v3_pure_loaded,,
gold-200-rewritten-093,True,social_desirability,education,attending class prepared,"Before class, how often do you come prepared like a serious student?","[""Never"", ""Sometimes"", ""Always""]","During the last 2 weeks of classes, how often did you complete the assigned preparation before class?","[""Never"", ""Rarely"", ""Sometimes"", ""Often"", ""Always"", ""Not applicable""]","[""Remove the label of a good student and ask about preparation behavior.""]",borderline,frequency,candidate-v1-single-social-desirability-004,final_gold_200_unique_v3_pure_loaded,,
gold-200-rewritten-094,True,social_desirability,finances,paying bills on time,Do you pay your bills on time like a financially responsible person?,"[""Yes"", ""No""]","During the last 6 months, were any household bills paid after their due date?","[""Yes"", ""No"", ""Not sure"", ""Prefer not to say""]","[""Remove the socially desirable identity cue and ask about the event neutrally.""]",obvious,binary_yes_no,candidate-v1-single-social-desirability-007,final_gold_200_unique_v3_pure_loaded,,
gold-200-rewritten-095,True,social_desirability,technology,using strong passwords,"Do you use strong passwords, as careful internet users should?","[""Yes"", ""No""]","For your most important online account, which statement best describes your password?","[""Unique password not used elsewhere"", ""Password reused on some sites"", ""Password reused on many sites"", ""Not sure"", ""Prefer not to say""]","[""Avoid implying that one answer is morally superior.""]",realistic,categorical_closed_ended,candidate-v1-single-social-desirability-008,final_gold_200_unique_v3_pure_loaded,,
gold-200-rewritten-096,True,social_desirability,family/household,checking on older relatives,"In your family, how often do you do the right thing and check on older relatives who might need help?","[""Never"", ""Sometimes"", ""Always"", ""Not applicable""]","In the past 30 days, how often did you contact an older relative to ask whether they needed help?","[""Not at all"", ""Once"", ""2-3 times"", ""Weekly"", ""More than weekly"", ""Not applicable""]","[""Remove the normative phrasing and specify the behavior.""]",borderline,frequency,candidate-v1-single-social-desirability-010,final_gold_200_unique_v3_pure_loaded,,
gold-200-rewritten-097,True,negative_wording,health,ease of understanding medication instructions,How difficult was it for you not to understand the medication instructions you received?,"[""Very difficult"", ""Somewhat difficult"", ""Neither difficult nor easy"", ""Somewhat easy"", ""Very easy""]",How easy or difficult was it for you to understand the medication instructions you received?,"[""Very difficult"", ""Somewhat difficult"", ""Neither easy nor difficult"", ""Somewhat easy"", ""Very easy""]","[""Remove the negation and align the scale with the positive construct.""]",obvious,ordinal_categories,candidate-v1-single-negative-wording-003,final_gold_200_unique_v3_pure_loaded,,
gold-200-rewritten-098,True,negative_wording,technology,concern about data sharing,How unconcerned are you about apps not sharing your data without permission?,"[""Very unconcerned"", ""Somewhat unconcerned"", ""Neither unconcerned nor concerned"", ""Somewhat concerned"", ""Very concerned""]",How concerned are you about apps sharing your data without your permission?,"[""Not at all concerned"", ""Slightly concerned"", ""Moderately concerned"", ""Very concerned"", ""Extremely concerned""]","[""Rewrite the item without nested negative wording.""]",realistic,ordinal_categories,candidate-v1-single-negative-wording-011,final_gold_200_unique_v3_pure_loaded,,
gold-200-rewritten-099,True,negative_wording,labor,ability to disconnect from work messages,How often are you not unable to avoid checking work messages after hours?,"[""Never"", ""Rarely"", ""Sometimes"", ""Often"", ""Always""]",How often do you check work messages after your scheduled work hours?,"[""Never"", ""Rarely"", ""Sometimes"", ""Often"", ""Always"", ""Not applicable""]","[""Replace the double negative with a direct behavioral question.""]",borderline,frequency,candidate-v1-single-negative-wording-007,final_gold_200_unique_v3_pure_loaded,,
gold-200-rewritten-100,True,negative_wording,education,clarity of exam instructions,To what extent do you disagree that exam instructions were not unclear?,"[""Strongly disagree"", ""Somewhat disagree"", ""Neither agree nor disagree"", ""Somewhat agree"", ""Strongly agree""]",How clear or unclear were the exam instructions?,"[""Very unclear"", ""Somewhat unclear"", ""Neither clear nor unclear"", ""Somewhat clear"", ""Very clear""]","[""Avoid the disagree-not-unclear construction and ask directly about clarity.""]",obvious,likert_agreement,candidate-v1-single-negative-wording-005,final_gold_200_unique_v3_pure_loaded,,
gold-200-rewritten-101,True,negative_wording,public services,ease of finding permit information,How hard was it not to find information about permit requirements on the city website?,"[""Very hard"", ""Somewhat hard"", ""Neither hard nor easy"", ""Somewhat easy"", ""Very easy""]",How easy or difficult was it to find information about permit requirements on the city website?,"[""Very difficult"", ""Somewhat difficult"", ""Neither easy nor difficult"", ""Somewhat easy"", ""Very easy""]","[""Remove the unnecessary negation.""]",realistic,ordinal_categories,candidate-v1-single-negative-wording-023,final_gold_200_unique_v3_pure_loaded,,
gold-200-rewritten-102,True,negative_wording,environment,support for reducing plastic packaging,Do you oppose not reducing single-use plastic packaging in supermarkets?,"[""Yes"", ""No""]",To what extent do you support or oppose reducing single-use plastic packaging in supermarkets?,"[""Strongly oppose"", ""Somewhat oppose"", ""Neither support nor oppose"", ""Somewhat support"", ""Strongly support""]","[""Convert the negatively worded yes/no item into a direct support-oppose item.""]",borderline,binary_yes_no,candidate-v1-single-negative-wording-013,final_gold_200_unique_v3_pure_loaded,,
gold-200-rewritten-103,True,negative_wording,university life,satisfaction with feedback timing,How dissatisfied are you with feedback not arriving late?,"[""Very dissatisfied"", ""Somewhat dissatisfied"", ""Neither satisfied nor dissatisfied"", ""Somewhat satisfied"", ""Very satisfied""]",How satisfied or dissatisfied are you with the timing of feedback on assignments?,"[""Very dissatisfied"", ""Somewhat dissatisfied"", ""Neither satisfied nor dissatisfied"", ""Somewhat satisfied"", ""Very satisfied""]","[""Remove the negation and ask directly about timing.""]",obvious,ordinal_categories,candidate-v1-single-negative-wording-021,final_gold_200_unique_v3_pure_loaded,,
gold-200-rewritten-104,True,negative_wording,family/household,difficulty arranging childcare,How easy was it not to be unable to arrange childcare when needed?,"[""Very easy"", ""Somewhat easy"", ""Neither easy nor difficult"", ""Somewhat difficult"", ""Very difficult""]",How easy or difficult was it to arrange childcare when needed?,"[""Very difficult"", ""Somewhat difficult"", ""Neither easy nor difficult"", ""Somewhat easy"", ""Very easy"", ""Not applicable""]","[""Eliminate the double negative and preserve the access construct.""]",realistic,ordinal_categories,candidate-v1-single-negative-wording-017,final_gold_200_unique_v3_pure_loaded,,
gold-200-rewritten-105,True,open_closed_mismatch,health,reasons for postponing medical appointments,Please describe in your own words the main reason you postponed a medical appointment.,"[""Cost"", ""No time"", ""Could not get appointment"", ""Forgot""]",What was the main reason you postponed a medical appointment?,"[""Cost"", ""Lack of time"", ""Could not get an appointment"", ""Transportation problem"", ""Forgot"", ""Other"", ""Did not postpone an appointment""]","[""Match the closed response options to a closed-ended request or remove the options for an open-ended item.""]",borderline,open_ended,candidate-v1-single-open-closed-mismatch-004,final_gold_200_unique_v3_pure_loaded,,
gold-200-rewritten-106,True,open_closed_mismatch,mobility,main reasons for not cycling,What are all the reasons you do not cycle more often?,"[""Unsafe routes"", ""Bad weather"", ""No bicycle"", ""Other""]",Which of the following are reasons you do not cycle more often? Select all that apply.,"[""Unsafe routes"", ""Bad weather"", ""No bicycle"", ""Long distance"", ""Physical difficulty"", ""No interest"", ""Other"", ""Not applicable""]","[""Use a closed select-all request to match the listed options.""]",obvious,open_ended,candidate-v1-single-open-closed-mismatch-003,final_gold_200_unique_v3_pure_loaded,,
gold-200-rewritten-107,True,open_closed_mismatch,public services,details of problem with online portal,Tell us what happened when you last had a problem with the municipal online portal.,"[""Login problem"", ""Payment problem"", ""Document upload problem"", ""No problem""]","What type of problem, if any, did you last have with the municipal online portal?","[""No problem"", ""Login problem"", ""Payment problem"", ""Document upload problem"", ""Could not find information"", ""Other""]","[""Change the open narrative request into a closed classification item.""]",realistic,open_ended,candidate-v1-single-open-closed-mismatch-001,final_gold_200_unique_v3_pure_loaded,,
gold-200-rewritten-108,True,open_closed_mismatch,education,suggestions for improving lectures,What specific change would most improve lectures in your program?,"[""More examples"", ""Slower pace"", ""More interaction"", ""Better slides""]",Which change would most improve lectures in your program?,"[""More examples"", ""Slower pace"", ""More interaction"", ""Clearer slides"", ""More feedback"", ""Other""]","[""Align the wording with a closed-ended single-choice format.""]",borderline,open_ended,candidate-v1-single-open-closed-mismatch-002,final_gold_200_unique_v3_pure_loaded,,
gold-200-rewritten-109,True,open_closed_mismatch,work,description of remote-work challenges,"In your own words, describe the biggest challenge you face when working remotely.","[""Communication"", ""Technology"", ""Space at home"", ""Motivation""]",What is the biggest challenge you face when working remotely?,"[""Communication with colleagues"", ""Technology or internet access"", ""Lack of suitable space at home"", ""Motivation or focus"", ""Care responsibilities"", ""Other"", ""Not applicable""]","[""Either ask open-ended with no options or use a closed-ended wording.""]",obvious,open_ended,candidate-v1-single-open-closed-mismatch-005,final_gold_200_unique_v3_pure_loaded,,
gold-200-rewritten-110,True,open_closed_mismatch,technology,preferred app privacy improvement,Which privacy improvement would you most like app developers to make? Please explain.,[],Which privacy improvement would you most like app developers to make?,"[""Clearer permission requests"", ""Easier deletion of data"", ""Less third-party sharing"", ""More control over notifications"", ""Other""]","[""The revised item uses closed options because the request is for a single preferred category.""]",realistic,open_ended,candidate-v1-single-open-closed-mismatch-007,final_gold_200_unique_v3_pure_loaded,,
gold-200-rewritten-111,True,open_closed_mismatch,environment,open explanation of energy-saving barriers,Please explain why your household does not reduce energy use more.,"[""Too expensive"", ""Rented home"", ""Already saving energy"", ""Other""]",What is the main reason your household does not reduce energy use more?,"[""Cost of changes"", ""Rental or building restrictions"", ""Lack of information"", ""Already saving as much as possible"", ""Other"", ""Not applicable""]","[""Use a closed-ended request that matches the provided categories.""]",borderline,open_ended,candidate-v1-single-open-closed-mismatch-006,final_gold_200_unique_v3_pure_loaded,,
gold-200-rewritten-112,True,open_closed_mismatch,media/culture,reason for not attending cultural events,Why do you not attend local cultural events more often? Write your answer below.,"[""Too expensive"", ""No time"", ""Not interested"", ""Other""]",What is the main reason you do not attend local cultural events more often?,"[""Too expensive"", ""Lack of time"", ""Events are hard to reach"", ""Not interested"", ""Do not know about events"", ""Other"", ""Not applicable""]","[""Match the question to the closed response format.""]",obvious,open_ended,candidate-v1-single-open-closed-mismatch-014,final_gold_200_unique_v3_pure_loaded,,
gold-200-rewritten-113,True,agree_disagree_scale,politics/public policy,support for citizen assemblies,Please indicate how much you agree or disagree that citizen assemblies should be used before major local policy decisions.,"[""Strongly disagree"", ""Somewhat disagree"", ""Neither agree nor disagree"", ""Somewhat agree"", ""Strongly agree""]",To what extent do you support or oppose using citizen assemblies before major local policy decisions?,"[""Strongly oppose"", ""Somewhat oppose"", ""Neither support nor oppose"", ""Somewhat support"", ""Strongly support""]","[""Use an item-specific support-oppose scale instead of agree-disagree wording.""]",realistic,likert_agreement,candidate-v1-single-agree-disagree-scale-001,final_gold_200_unique_v3_pure_loaded,,
gold-200-rewritten-114,True,agree_disagree_scale,public services,importance of transparent appointment waiting lists,Please indicate whether you agree that transparent waiting lists for specialist appointments are important.,"[""Strongly disagree"", ""Somewhat disagree"", ""Neither agree nor disagree"", ""Somewhat agree"", ""Strongly agree""]",How important or unimportant is it to you that waiting lists for specialist appointments are transparent?,"[""Very unimportant"", ""Somewhat unimportant"", ""Neither important nor unimportant"", ""Somewhat important"", ""Very important""]","[""Ask directly about importance rather than agreement with a statement.""]",borderline,likert_agreement,candidate-v1-single-agree-disagree-scale-003,final_gold_200_unique_v3_pure_loaded,,
gold-200-rewritten-115,True,agree_disagree_scale,environment,concern about drinking-water quality,Do you agree or disagree that drinking-water quality in your area is concerning?,"[""Strongly disagree"", ""Somewhat disagree"", ""Neither agree nor disagree"", ""Somewhat agree"", ""Strongly agree""]",How concerned are you about drinking-water quality in your area?,"[""Not at all concerned"", ""Slightly concerned"", ""Moderately concerned"", ""Very concerned"", ""Extremely concerned""]","[""Use a concern scale that matches the construct.""]",obvious,likert_agreement,candidate-v1-single-agree-disagree-scale-013,final_gold_200_unique_v3_pure_loaded,,
gold-200-rewritten-116,True,agree_disagree_scale,work,satisfaction with workload predictability,How strongly do you agree that your workload is predictable?,"[""Strongly disagree"", ""Somewhat disagree"", ""Neither agree nor disagree"", ""Somewhat agree"", ""Strongly agree""]",How predictable or unpredictable is your workload from week to week?,"[""Very unpredictable"", ""Somewhat unpredictable"", ""Neither predictable nor unpredictable"", ""Somewhat predictable"", ""Very predictable""]","[""Replace the agree-disagree item with a direct predictability scale.""]",realistic,likert_agreement,candidate-v1-single-agree-disagree-scale-007,final_gold_200_unique_v3_pure_loaded,,
gold-200-rewritten-117,True,agree_disagree_scale,public services,trust in automated decision systems,Please indicate whether you agree or disagree that automated decision systems used by public offices can be trusted.,"[""Strongly disagree"", ""Somewhat disagree"", ""Neither agree nor disagree"", ""Somewhat agree"", ""Strongly agree""]",How much do you trust or distrust automated decision systems used by public offices?,"[""Strongly distrust"", ""Somewhat distrust"", ""Neither trust nor distrust"", ""Somewhat trust"", ""Strongly trust""]","[""Use a trust-distrust response scale instead of agreement.""]",borderline,likert_agreement,candidate-v1-single-agree-disagree-scale-011,final_gold_200_unique_v3_pure_loaded,,
gold-200-rewritten-118,True,agree_disagree_scale,university life,satisfaction with course registration,Please state your level of agreement or disagreement with the statement: course registration works well.,"[""Strongly disagree"", ""Somewhat disagree"", ""Neither agree nor disagree"", ""Somewhat agree"", ""Strongly agree""]",How satisfied or dissatisfied are you with the course registration process?,"[""Very dissatisfied"", ""Somewhat dissatisfied"", ""Neither satisfied nor dissatisfied"", ""Somewhat satisfied"", ""Very satisfied""]","[""Ask directly about satisfaction with the process.""]",obvious,likert_agreement,candidate-v1-single-agree-disagree-scale-021,final_gold_200_unique_v3_pure_loaded,,
gold-200-rewritten-119,True,agree_disagree_scale,family/household,fairness of household task division,Do you agree that household tasks are divided fairly in your household?,"[""Strongly disagree"", ""Somewhat disagree"", ""Neither agree nor disagree"", ""Somewhat agree"", ""Strongly agree""]",How fair or unfair is the division of household tasks in your household?,"[""Very unfair"", ""Somewhat unfair"", ""Neither fair nor unfair"", ""Somewhat fair"", ""Very fair"", ""Not applicable""]","[""Use a fair-unfair scale suited to the construct.""]",realistic,likert_agreement,candidate-v1-single-agree-disagree-scale-017,final_gold_200_unique_v3_pure_loaded,,
gold-200-rewritten-120,True,agree_disagree_scale,media/culture,reliability of local event information,Please indicate your agreement with the statement: public broadcasters provide reliable information about local events.,"[""Strongly disagree"", ""Somewhat disagree"", ""Neither agree nor disagree"", ""Somewhat agree"", ""Strongly agree""]",How reliable or unreliable do you find information about local events from public broadcasters?,"[""Very unreliable"", ""Somewhat unreliable"", ""Neither reliable nor unreliable"", ""Somewhat reliable"", ""Very reliable""]","[""Use a reliability scale instead of agreement with a translated statement.""]",borderline,likert_agreement,candidate-v1-single-agree-disagree-scale-019,final_gold_200_unique_v3_pure_loaded,,
gold-200-rewritten-121,True,unbalanced_scale,education,support for smaller class sizes,Would you favor reducing class sizes in public schools?,"[""Strongly favor"", ""Favor"", ""Somewhat favor"", ""Neutral"", ""Oppose""]",To what extent do you support or oppose reducing class sizes in public schools?,"[""Strongly oppose"", ""Somewhat oppose"", ""Neither support nor oppose"", ""Somewhat support"", ""Strongly support""]","[""Represent support and opposition symmetrically.""]",obvious,support_oppose,candidate-v1-single-unbalanced-scale-005,final_gold_200_unique_v3_pure_loaded,,
gold-200-rewritten-122,True,unbalanced_scale,politics/public policy,support for low-emission zones,What is your opinion of introducing low-emission zones in city centers?,"[""Excellent idea"", ""Good idea"", ""Somewhat good idea"", ""Neither good nor bad"", ""Bad idea""]",To what extent do you support or oppose introducing low-emission zones in city centers?,"[""Strongly oppose"", ""Somewhat oppose"", ""Neither support nor oppose"", ""Somewhat support"", ""Strongly support""]","[""Balance positive and negative answer categories.""]",realistic,support_oppose,candidate-v1-single-unbalanced-scale-013,final_gold_200_unique_v3_pure_loaded,,
gold-200-rewritten-123,True,unbalanced_scale,health,support for expanding evening clinic hours,What level of support do you have for expanding evening clinic hours at public clinics?,"[""Support completely"", ""Support strongly"", ""Support somewhat"", ""Neutral"", ""Do not support""]",To what extent do you support or oppose expanding evening clinic hours at public clinics?,"[""Strongly oppose"", ""Somewhat oppose"", ""Neither support nor oppose"", ""Somewhat support"", ""Strongly support""]","[""Provide parallel degrees of opposition as well as support.""]",borderline,support_oppose,candidate-v1-single-unbalanced-scale-003,final_gold_200_unique_v3_pure_loaded,,
gold-200-rewritten-124,True,unbalanced_scale,mobility,support for facial recognition in public transport stations,How acceptable is the use of facial recognition in public transport stations?,"[""Completely acceptable"", ""Mostly acceptable"", ""Somewhat acceptable"", ""Neither acceptable nor unacceptable"", ""Unacceptable""]",How acceptable or unacceptable is the use of facial recognition in public transport stations?,"[""Very unacceptable"", ""Somewhat unacceptable"", ""Neither acceptable nor unacceptable"", ""Somewhat acceptable"", ""Very acceptable""]","[""Use balanced acceptability options on both sides.""]",obvious,ordinal_categories,candidate-v1-single-unbalanced-scale-011,final_gold_200_unique_v3_pure_loaded,,
gold-200-rewritten-125,True,unbalanced_scale,public services,support for appointment-only service offices,Would you support service offices moving to appointment-only visits?,"[""Strongly support"", ""Support"", ""Somewhat support"", ""Neither"", ""Oppose""]",To what extent do you support or oppose service offices moving to appointment-only visits?,"[""Strongly oppose"", ""Somewhat oppose"", ""Neither support nor oppose"", ""Somewhat support"", ""Strongly support""]","[""Balance the number and strength of pro and con options.""]",realistic,support_oppose,candidate-v1-single-unbalanced-scale-023,final_gold_200_unique_v3_pure_loaded,,
gold-200-rewritten-126,True,unbalanced_scale,mobility,support for reducing car parking near train stations,What do you think about reducing car parking near train stations?,"[""Very positive"", ""Positive"", ""Somewhat positive"", ""Neutral"", ""Negative""]",To what extent do you support or oppose reducing car parking near train stations?,"[""Strongly oppose"", ""Somewhat oppose"", ""Neither support nor oppose"", ""Somewhat support"", ""Strongly support""]","[""Avoid a scale with three positive levels and only one negative level.""]",borderline,support_oppose,candidate-v1-single-unbalanced-scale-015,final_gold_200_unique_v3_pure_loaded,,
gold-200-rewritten-127,True,unbalanced_scale,labor,support for mandatory recording of working time,How favorable are you toward mandatory recording of working time?,"[""Very favorable"", ""Favorable"", ""Slightly favorable"", ""Neutral"", ""Against""]",To what extent do you support or oppose mandatory recording of working time?,"[""Strongly oppose"", ""Somewhat oppose"", ""Neither support nor oppose"", ""Somewhat support"", ""Strongly support""]","[""Use symmetric support and opposition categories.""]",obvious,support_oppose,candidate-v1-single-unbalanced-scale-007,final_gold_200_unique_v3_pure_loaded,,
gold-200-rewritten-128,True,unbalanced_scale,politics/public policy,support for public release of council attendance records,How good would it be to publish council members’ attendance records?,"[""Very good"", ""Good"", ""Somewhat good"", ""Neither good nor bad"", ""Bad""]",To what extent do you support or oppose publishing council members’ attendance records?,"[""Strongly oppose"", ""Somewhat oppose"", ""Neither support nor oppose"", ""Somewhat support"", ""Strongly support""]","[""Balance favorable and unfavorable categories.""]",realistic,support_oppose,candidate-v1-single-unbalanced-scale-001,final_gold_200_unique_v3_pure_loaded,,
gold-200-rewritten-129,True,incomplete_options,family/household,respondent age group,Which age group includes your current age?,"[""18-24"", ""25-34"", ""35-44"", ""45-54""]",Which age group includes your current age?,"[""Under 18"", ""18-24"", ""25-34"", ""35-44"", ""45-54"", ""55-64"", ""65 or older"", ""Prefer not to say""]","[""Add omitted younger, older, and nonresponse categories.""]",borderline,categorical_closed_ended,candidate-v1-single-incomplete-options-001,final_gold_200_unique_v3_pure_loaded,,
gold-200-rewritten-130,True,incomplete_options,education,highest completed education,What is the highest level of education you have completed?,"[""No formal qualification"", ""Lower secondary"", ""Upper secondary"", ""Bachelor’s degree""]",What is the highest level of education you have completed?,"[""No formal qualification"", ""Lower secondary"", ""Upper secondary"", ""Vocational training"", ""Bachelor’s degree"", ""Master’s degree or higher"", ""Other"", ""Prefer not to say""]","[""Include missing educational pathways and residual options.""]",obvious,categorical_closed_ended,candidate-v1-single-incomplete-options-002,final_gold_200_unique_v3_pure_loaded,,
gold-200-rewritten-131,True,incomplete_options,mobility,usual transport mode,Which mode of transport do you usually use for commuting?,"[""Car"", ""Public transport""]",Which mode of transport do you usually use for commuting?,"[""Walking"", ""Bicycle"", ""Public transport"", ""Car as driver"", ""Car as passenger"", ""Motorcycle or scooter"", ""Work or study from home"", ""Other""]","[""Add common commuting modes and not-in-commute situations.""]",realistic,categorical_closed_ended,candidate-v1-single-incomplete-options-003,final_gold_200_unique_v3_pure_loaded,,
gold-200-rewritten-132,True,incomplete_options,labor,employment status,Which of the following best describes your current employment status?,"[""Full-time employed"", ""Part-time employed"", ""Unemployed""]",Which of the following best describes your current employment status?,"[""Full-time employed"", ""Part-time employed"", ""Self-employed"", ""Unemployed and seeking work"", ""Student"", ""Retired"", ""Unable to work"", ""Other"", ""Prefer not to say""]","[""Cover plausible statuses beyond employment/unemployment.""]",borderline,categorical_closed_ended,candidate-v1-single-incomplete-options-004,final_gold_200_unique_v3_pure_loaded,,
gold-200-rewritten-133,True,incomplete_options,health,type of health insurance,What type of health insurance do you currently have?,"[""Public insurance"", ""Private insurance""]",What type of health insurance do you currently have?,"[""Public insurance"", ""Private insurance"", ""Both public and private coverage"", ""No health insurance"", ""Not sure"", ""Prefer not to say""]","[""Add uninsured, mixed, and uncertainty categories.""]",obvious,categorical_closed_ended,candidate-v1-single-incomplete-options-008,final_gold_200_unique_v3_pure_loaded,,
gold-200-rewritten-134,True,incomplete_options,education,main device used for online learning,Which device do you use most often for online learning?,"[""Laptop"", ""Tablet""]",Which device do you use most often for online learning?,"[""Desktop computer"", ""Laptop"", ""Tablet"", ""Smartphone"", ""Shared public device"", ""I do not use online learning"", ""Other""]","[""Include common device categories and not-applicable.""]",realistic,categorical_closed_ended,candidate-v1-single-incomplete-options-010,final_gold_200_unique_v3_pure_loaded,,
gold-200-rewritten-135,True,incomplete_options,finances,main housing cost payment method,How do you usually pay your housing costs?,"[""Bank transfer"", ""Cash""]",How do you usually pay your housing costs?,"[""Automatic bank transfer"", ""Manual bank transfer"", ""Card payment"", ""Cash"", ""Payment by another household member"", ""No housing cost payment"", ""Other"", ""Prefer not to say""]","[""Add missing payment arrangements and residual categories.""]",borderline,categorical_closed_ended,candidate-v1-single-incomplete-options-009,final_gold_200_unique_v3_pure_loaded,,
gold-200-rewritten-136,True,incomplete_options,media/culture,primary language for media use,In which language do you consume most news media?,"[""German"", ""English""]",In which language do you consume most news media?,"[""German"", ""English"", ""Turkish"", ""Arabic"", ""Russian"", ""Another language"", ""I do not consume news media"", ""Prefer not to say""]","[""Include additional languages and non-use/nonresponse categories.""]",obvious,categorical_closed_ended,candidate-v1-single-incomplete-options-006,final_gold_200_unique_v3_pure_loaded,,
gold-200-rewritten-137,True,non_exclusive_options,finances,monthly personal income range,What was your personal net income last month?,"[""0-1000 euros"", ""1000-2000 euros"", ""2000-3000 euros"", ""3000 euros or more""]",What was your personal net income last month?,"[""Less than 1,000 euros"", ""1,000-1,999 euros"", ""2,000-2,999 euros"", ""3,000 euros or more"", ""Prefer not to say""]","[""Remove overlapping endpoints between adjacent ranges.""]",realistic,numeric_ranges,candidate-v1-single-non-exclusive-options-009,final_gold_200_unique_v3_pure_loaded,,
gold-200-rewritten-138,True,non_exclusive_options,health,minutes of physical activity per week,How many minutes of moderate physical activity did you do last week?,"[""0-30 minutes"", ""30-60 minutes"", ""60-120 minutes"", ""120 minutes or more""]",How many minutes of moderate physical activity did you do last week?,"[""0-29 minutes"", ""30-59 minutes"", ""60-119 minutes"", ""120 minutes or more"", ""Not sure""]","[""Make numeric ranges mutually exclusive.""]",borderline,numeric_ranges,candidate-v1-single-non-exclusive-options-008,final_gold_200_unique_v3_pure_loaded,,
gold-200-rewritten-139,True,non_exclusive_options,education,number of missed classes,How many classes did you miss in the last 4 weeks?,"[""0"", ""1-2"", ""2-4"", ""4 or more""]",How many classes did you miss in the last 4 weeks?,"[""0"", ""1-2"", ""3-4"", ""5 or more"", ""Not applicable""]","[""Avoid overlapping values such as 2 and 4 in multiple categories.""]",obvious,numeric_ranges,candidate-v1-single-non-exclusive-options-002,final_gold_200_unique_v3_pure_loaded,,
gold-200-rewritten-140,True,non_exclusive_options,work,organization size,How many people work at your organization?,"[""1-10"", ""10-50"", ""50-250"", ""250 or more""]",How many people work at your organization?,"[""1-9"", ""10-49"", ""50-249"", ""250 or more"", ""Not sure"", ""Not applicable""]","[""Use non-overlapping size intervals.""]",realistic,numeric_ranges,candidate-v1-single-non-exclusive-options-001,final_gold_200_unique_v3_pure_loaded,,
gold-200-rewritten-141,True,non_exclusive_options,family/household,weekly childcare hours,How many hours did you spend on childcare last week?,"[""0 hours"", ""0-5 hours"", ""5-10 hours"", ""10 or more hours""]",How many hours did you spend on childcare last week?,"[""0 hours"", ""1-4 hours"", ""5-9 hours"", ""10 or more hours"", ""Not applicable"", ""Prefer not to say""]","[""Make the zero and boundary values exclusive to one category.""]",borderline,numeric_ranges,candidate-v1-single-non-exclusive-options-005,final_gold_200_unique_v3_pure_loaded,,
gold-200-rewritten-142,True,non_exclusive_options,mobility,one-way commute time,How long is your usual one-way commute?,"[""Less than 15 minutes"", ""15-30 minutes"", ""30-60 minutes"", ""60 minutes or more""]",How long is your usual one-way commute?,"[""Less than 15 minutes"", ""15-29 minutes"", ""30-59 minutes"", ""60 minutes or more"", ""I do not commute""]","[""Remove overlaps at 30 and 60 minutes.""]",obvious,numeric_ranges,candidate-v1-single-non-exclusive-options-003,final_gold_200_unique_v3_pure_loaded,,
gold-200-rewritten-143,True,non_exclusive_options,technology,daily screen time,How much non-work screen time did you have yesterday?,"[""0-1 hour"", ""1-3 hours"", ""3-5 hours"", ""5 or more hours""]",How much non-work screen time did you have yesterday?,"[""Less than 1 hour"", ""1-2 hours"", ""3-4 hours"", ""5 or more hours"", ""Not sure""]","[""Use clear, non-overlapping intervals.""]",realistic,numeric_ranges,candidate-v1-single-non-exclusive-options-010,final_gold_200_unique_v3_pure_loaded,,
gold-200-rewritten-144,True,non_exclusive_options,university life,credits taken this semester,How many credits are you taking this semester?,"[""0-15"", ""15-30"", ""30-45"", ""45 or more""]",How many credits are you taking this semester?,"[""0-14"", ""15-29"", ""30-44"", ""45 or more"", ""Not applicable""]","[""Ensure each credit value belongs to exactly one category.""]",borderline,numeric_ranges,candidate-v1-single-non-exclusive-options-007,final_gold_200_unique_v3_pure_loaded,,
gold-200-rewritten-145,True,missing_scale_labels,health,pain level today,How much pain are you experiencing today?,"[""0"", ""1"", ""2"", ""3"", ""4"", ""5"", ""6"", ""7"", ""8"", ""9"", ""10""]",How much pain are you experiencing today?,"[""0 = no pain"", ""1"", ""2"", ""3"", ""4"", ""5"", ""6"", ""7"", ""8"", ""9"", ""10 = worst pain imaginable""]","[""Label at least the endpoints of the numeric scale.""]",obvious,numeric_ranges,candidate-v1-single-missing-scale-labels-003,final_gold_200_unique_v3_pure_loaded,,
gold-200-rewritten-146,True,missing_scale_labels,technology,confidence in identifying phishing messages,How confident are you that you can identify phishing messages?,"[""1"", ""2"", ""3"", ""4"", ""5""]",How confident are you that you can identify phishing messages?,"[""1 = not at all confident"", ""2"", ""3"", ""4"", ""5 = very confident""]","[""Provide endpoint labels so scale direction is clear.""]",realistic,numeric_ranges,candidate-v1-single-missing-scale-labels-008,final_gold_200_unique_v3_pure_loaded,,
gold-200-rewritten-147,True,missing_scale_labels,environment,concern about local flooding,"On the 1-to-5 scale, rate your concern about local flooding.","[""1"", ""2"", ""3"", ""4"", ""5""]",How concerned are you about local flooding?,"[""1 = not at all concerned"", ""2"", ""3"", ""4"", ""5 = extremely concerned""]","[""Add labels that define the meaning of numeric points.""]",borderline,numeric_ranges,candidate-v1-single-missing-scale-labels-009,final_gold_200_unique_v3_pure_loaded,,
gold-200-rewritten-148,True,missing_scale_labels,work,control over daily tasks,How much control do you have over the order of your daily tasks?,"[""0"", ""1"", ""2"", ""3"", ""4"", ""5""]",How much control do you have over the order of your daily tasks?,"[""0 = no control"", ""1"", ""2"", ""3"", ""4"", ""5 = complete control"", ""Not applicable""]","[""Label the endpoints and include not-applicable where relevant.""]",obvious,numeric_ranges,candidate-v1-single-missing-scale-labels-005,final_gold_200_unique_v3_pure_loaded,,
gold-200-rewritten-149,True,missing_scale_labels,education,difficulty of course materials,How difficult are the course materials this semester?,"[""1"", ""2"", ""3"", ""4"", ""5""]",How difficult are the course materials this semester?,"[""1 = very easy"", ""2"", ""3 = neither easy nor difficult"", ""4"", ""5 = very difficult""]","[""Add interpretive labels for the scale direction and midpoint.""]",realistic,numeric_ranges,candidate-v1-single-missing-scale-labels-004,final_gold_200_unique_v3_pure_loaded,,
gold-200-rewritten-150,True,missing_scale_labels,public services,ease of using online booking system,How easy was it to use the online booking system?,"[""1"", ""2"", ""3"", ""4"", ""5""]",How easy was it to use the online booking system?,"[""1 = very difficult"", ""2"", ""3 = neither easy nor difficult"", ""4"", ""5 = very easy""]","[""Label the scale so respondents know which end is easy.""]",borderline,numeric_ranges,candidate-v1-single-missing-scale-labels-001,final_gold_200_unique_v3_pure_loaded,,
gold-200-rewritten-151,True,missing_scale_labels,media/culture,trust in social media event information,"On the numbered scale, rate your trust in event information shared on social media.","[""0"", ""1"", ""2"", ""3"", ""4""]",How much do you trust event information shared on social media?,"[""0 = do not trust at all"", ""1"", ""2 = trust somewhat"", ""3"", ""4 = trust completely""]","[""Provide anchors for numeric response points.""]",obvious,numeric_ranges,candidate-v1-single-missing-scale-labels-011,final_gold_200_unique_v3_pure_loaded,,
gold-200-rewritten-152,True,missing_scale_labels,family/household,stress from household responsibilities,How stressful are your household responsibilities at the moment?,"[""1"", ""2"", ""3"", ""4"", ""5""]",How stressful are your household responsibilities at the moment?,"[""1 = not at all stressful"", ""2"", ""3"", ""4"", ""5 = extremely stressful"", ""Not applicable""]","[""Add endpoint labels and not-applicable option.""]",realistic,numeric_ranges,candidate-v1-single-missing-scale-labels-010,final_gold_200_unique_v3_pure_loaded,,
gold-200-rewritten-153,True,too_many_scale_points,politics/public policy,support for participatory budgeting,"Using the 0-to-20 scale, indicate your support or opposition to participatory budgeting in your municipality.","[""0"", ""1"", ""2"", ""3"", ""4"", ""5"", ""6"", ""7"", ""8"", ""9"", ""10"", ""11"", ""12"", ""13"", ""14"", ""15"", ""16"", ""17"", ""18"", ""19"", ""20""]",To what extent do you support or oppose participatory budgeting in your municipality?,"[""Strongly oppose"", ""Somewhat oppose"", ""Neither support nor oppose"", ""Somewhat support"", ""Strongly support""]","[""Use fewer response categories because the requested precision is not justified.""]",borderline,numeric_ranges,candidate-v1-single-too-many-scale-points-001,final_gold_200_unique_v3_pure_loaded,,
gold-200-rewritten-154,True,too_many_scale_points,public services,satisfaction with pharmacy opening hours,"On a 0-to-100 scale, rate your satisfaction with pharmacy opening hours in your area.","[""0"", ""1"", ""2"", ""3"", ""4"", ""5"", ""6"", ""7"", ""8"", ""9"", ""10"", ""11"", ""12"", ""13"", ""14"", ""15"", ""16"", ""17"", ""18"", ""19"", ""20"", ""21"", ""22"", ""23"", ""24"", ""25"", ""26"", ""27"", ""28"", ""29"", ""30"", ""31"", ""32"", ""33"", ""34"", ""35"", ""36"", ""37"", ""38"", ""39"", ""40"", ""41"", ""42"", ""43"", ""44"", ""45"", ""46"", ""47"", ""48"", ""49"", ""50"", ""51"", ""52"", ""53"", ""54"", ""55"", ""56"", ""57"", ""58"", ""59"", ""60"", ""61"", ""62"", ""63"", ""64"", ""65"", ""66"", ""67"", ""68"", ""69"", ""70"", ""71"", ""72"", ""73"", ""74"", ""75"", ""76"", ""77"", ""78"", ""79"", ""80"", ""81"", ""82"", ""83"", ""84"", ""85"", ""86"", ""87"", ""88"", ""89"", ""90"", ""91"", ""92"", ""93"", ""94"", ""95"", ""96"", ""97"", ""98"", ""99"", ""100""]",How satisfied or dissatisfied are you with pharmacy opening hours in your area?,"[""Very dissatisfied"", ""Somewhat dissatisfied"", ""Neither satisfied nor dissatisfied"", ""Somewhat satisfied"", ""Very satisfied""]","[""Replace the 101-point scale with a manageable labeled scale.""]",obvious,numeric_ranges,candidate-v1-single-too-many-scale-points-003,final_gold_200_unique_v3_pure_loaded,,
gold-200-rewritten-155,True,too_many_scale_points,environment,concern about microplastics in waterways,Rate your concern about microplastics in local waterways on a 0-to-30 scale.,"[""0"", ""1"", ""2"", ""3"", ""4"", ""5"", ""6"", ""7"", ""8"", ""9"", ""10"", ""11"", ""12"", ""13"", ""14"", ""15"", ""16"", ""17"", ""18"", ""19"", ""20"", ""21"", ""22"", ""23"", ""24"", ""25"", ""26"", ""27"", ""28"", ""29"", ""30""]",How concerned are you about microplastics in local waterways?,"[""Not at all concerned"", ""Slightly concerned"", ""Moderately concerned"", ""Very concerned"", ""Extremely concerned""]","[""Use a simpler concern scale.""]",realistic,numeric_ranges,candidate-v1-single-too-many-scale-points-013,final_gold_200_unique_v3_pure_loaded,,
gold-200-rewritten-156,True,too_many_scale_points,education,importance of digital literacy classes,How important are digital literacy classes in secondary schools?,"[""1"", ""2"", ""3"", ""4"", ""5"", ""6"", ""7"", ""8"", ""9"", ""10"", ""11"", ""12"", ""13"", ""14"", ""15""]",How important or unimportant are digital literacy classes in secondary schools?,"[""Very unimportant"", ""Somewhat unimportant"", ""Neither important nor unimportant"", ""Somewhat important"", ""Very important""]","[""Use a smaller, interpretable importance scale.""]",borderline,numeric_ranges,candidate-v1-single-too-many-scale-points-005,final_gold_200_unique_v3_pure_loaded,,
gold-200-rewritten-157,True,too_many_scale_points,mobility,satisfaction with bicycle parking,Choose a number from 0 to 25 to show your satisfaction with bicycle parking near train stations.,"[""0"", ""1"", ""2"", ""3"", ""4"", ""5"", ""6"", ""7"", ""8"", ""9"", ""10"", ""11"", ""12"", ""13"", ""14"", ""15"", ""16"", ""17"", ""18"", ""19"", ""20"", ""21"", ""22"", ""23"", ""24"", ""25""]",How satisfied or dissatisfied are you with bicycle parking near train stations?,"[""Very dissatisfied"", ""Somewhat dissatisfied"", ""Neither satisfied nor dissatisfied"", ""Somewhat satisfied"", ""Very satisfied""]","[""Avoid an overly fine-grained scale for a general satisfaction judgment.""]",obvious,numeric_ranges,candidate-v1-single-too-many-scale-points-015,final_gold_200_unique_v3_pure_loaded,,
gold-200-rewritten-158,True,too_many_scale_points,labor,perceived fairness of shift allocation,How fair is the allocation of shifts in your workplace?,"[""0"", ""1"", ""2"", ""3"", ""4"", ""5"", ""6"", ""7"", ""8"", ""9"", ""10"", ""11"", ""12"", ""13"", ""14"", ""15"", ""16"", ""17"", ""18"", ""19"", ""20"", ""21"", ""22"", ""23"", ""24"", ""25"", ""26"", ""27"", ""28"", ""29"", ""30"", ""31"", ""32"", ""33"", ""34"", ""35"", ""36"", ""37"", ""38"", ""39"", ""40"", ""41"", ""42"", ""43"", ""44"", ""45"", ""46"", ""47"", ""48"", ""49"", ""50""]",How fair or unfair is the allocation of shifts in your workplace?,"[""Very unfair"", ""Somewhat unfair"", ""Neither fair nor unfair"", ""Somewhat fair"", ""Very fair"", ""Not applicable""]","[""Use a concise fair-unfair scale rather than 51 points.""]",realistic,numeric_ranges,candidate-v1-single-too-many-scale-points-007,final_gold_200_unique_v3_pure_loaded,,
gold-200-rewritten-159,True,too_many_scale_points,technology,trust in cloud storage providers,Use the 0-to-20 scale to show your trust in cloud storage providers to protect your files.,"[""0"", ""1"", ""2"", ""3"", ""4"", ""5"", ""6"", ""7"", ""8"", ""9"", ""10"", ""11"", ""12"", ""13"", ""14"", ""15"", ""16"", ""17"", ""18"", ""19"", ""20""]",How much do you trust or distrust cloud storage providers to protect your files?,"[""Strongly distrust"", ""Somewhat distrust"", ""Neither trust nor distrust"", ""Somewhat trust"", ""Strongly trust""]","[""Replace the high-resolution numeric scale with a labeled trust scale.""]",borderline,numeric_ranges,candidate-v1-single-too-many-scale-points-011,final_gold_200_unique_v3_pure_loaded,,
gold-200-rewritten-160,True,too_many_scale_points,university life,satisfaction with examination scheduling,"For this semester’s exam schedule, choose a number from 0 to 40 to show your satisfaction.","[""0"", ""1"", ""2"", ""3"", ""4"", ""5"", ""6"", ""7"", ""8"", ""9"", ""10"", ""11"", ""12"", ""13"", ""14"", ""15"", ""16"", ""17"", ""18"", ""19"", ""20"", ""21"", ""22"", ""23"", ""24"", ""25"", ""26"", ""27"", ""28"", ""29"", ""30"", ""31"", ""32"", ""33"", ""34"", ""35"", ""36"", ""37"", ""38"", ""39"", ""40""]",How satisfied or dissatisfied are you with the scheduling of exams this semester?,"[""Very dissatisfied"", ""Somewhat dissatisfied"", ""Neither satisfied nor dissatisfied"", ""Somewhat satisfied"", ""Very satisfied""]","[""Use a simpler scale with clear verbal categories.""]",obvious,numeric_ranges,candidate-v1-single-too-many-scale-points-021,final_gold_200_unique_v3_pure_loaded,,
gold-200-rewritten-161,True,polarity_mismatch,health,concern about medication side effects,Please rate your concern about side effects of your current medication.,"[""Very satisfied"", ""Somewhat satisfied"", ""Neither satisfied nor dissatisfied"", ""Somewhat dissatisfied"", ""Very dissatisfied"", ""Not applicable""]",How concerned are you about side effects of your current medication?,"[""Not at all concerned"", ""Slightly concerned"", ""Moderately concerned"", ""Very concerned"", ""Extremely concerned"", ""Not applicable""]","[""Use concern response options rather than satisfaction options.""]",realistic,ordinal_categories,candidate-v1-single-polarity-mismatch-003,final_gold_200_unique_v3_pure_loaded,,
gold-200-rewritten-162,True,polarity_mismatch,university life,satisfaction with password-reset process,Please rate your satisfaction with the password-reset process for university accounts.,"[""Very unsafe"", ""Somewhat unsafe"", ""Neither safe nor unsafe"", ""Somewhat safe"", ""Very safe""]",How satisfied or dissatisfied are you with the password-reset process for university accounts?,"[""Very dissatisfied"", ""Somewhat dissatisfied"", ""Neither satisfied nor dissatisfied"", ""Somewhat satisfied"", ""Very satisfied"", ""Not applicable""]","[""Align the response scale with satisfaction, not perceived safety.""]",borderline,ordinal_categories,candidate-v1-single-polarity-mismatch-008,final_gold_200_unique_v3_pure_loaded,,
gold-200-rewritten-163,True,polarity_mismatch,environment,support for tree planting on streets,Do you support or oppose planting more street trees?,"[""Very worried"", ""Somewhat worried"", ""Neither worried nor unworried"", ""Somewhat unworried"", ""Very unworried""]",To what extent do you support or oppose planting more street trees?,"[""Strongly oppose"", ""Somewhat oppose"", ""Neither support nor oppose"", ""Somewhat support"", ""Strongly support""]","[""Use support-oppose options for a policy preference.""]",obvious,support_oppose,candidate-v1-single-polarity-mismatch-009,final_gold_200_unique_v3_pure_loaded,,
gold-200-rewritten-164,True,polarity_mismatch,work,frequency of receiving feedback,"At your workplace, how often are you given feedback on your work?","[""Very useful"", ""Somewhat useful"", ""Neither useful nor useless"", ""Somewhat useless"", ""Very useless""]",How often do you receive feedback on your work?,"[""Never"", ""Rarely"", ""Sometimes"", ""Often"", ""Very often"", ""Not applicable""]","[""Use frequency categories for a frequency question.""]",realistic,frequency,candidate-v1-single-polarity-mismatch-005,final_gold_200_unique_v3_pure_loaded,,
gold-200-rewritten-165,True,polarity_mismatch,education,difficulty of registering for required courses,How difficult was it to register for required courses this semester?,"[""Strongly oppose"", ""Somewhat oppose"", ""Neither support nor oppose"", ""Somewhat support"", ""Strongly support""]",How easy or difficult was it to register for required courses this semester?,"[""Very difficult"", ""Somewhat difficult"", ""Neither easy nor difficult"", ""Somewhat easy"", ""Very easy"", ""Not applicable""]","[""Replace policy preference options with difficulty options.""]",borderline,ordinal_categories,candidate-v1-single-polarity-mismatch-004,final_gold_200_unique_v3_pure_loaded,,
gold-200-rewritten-166,True,polarity_mismatch,public services,trust in emergency alert messages,Please rate your trust in emergency alert messages from public authorities.,"[""Never"", ""Rarely"", ""Sometimes"", ""Often"", ""Always""]",How much do you trust or distrust emergency alert messages from public authorities?,"[""Strongly distrust"", ""Somewhat distrust"", ""Neither trust nor distrust"", ""Somewhat trust"", ""Strongly trust""]","[""Use a trust scale rather than frequency options.""]",obvious,ordinal_categories,candidate-v1-single-polarity-mismatch-001,final_gold_200_unique_v3_pure_loaded,,
gold-200-rewritten-167,True,polarity_mismatch,family/household,fairness of dividing elder-care tasks,Rate the fairness of how elder-care tasks are shared in your household.,"[""Very concerned"", ""Somewhat concerned"", ""Moderately concerned"", ""Slightly concerned"", ""Not at all concerned"", ""Not applicable""]",How fair or unfair is the division of elder-care tasks in your household?,"[""Very unfair"", ""Somewhat unfair"", ""Neither fair nor unfair"", ""Somewhat fair"", ""Very fair"", ""Not applicable""]","[""Align the answer categories with fairness.""]",realistic,ordinal_categories,candidate-v1-single-polarity-mismatch-010,final_gold_200_unique_v3_pure_loaded,,
gold-200-rewritten-168,True,polarity_mismatch,media/culture,importance of local cultural venues,How important are local cultural venues for your community?,"[""Very dissatisfied"", ""Somewhat dissatisfied"", ""Neither satisfied nor dissatisfied"", ""Somewhat satisfied"", ""Very satisfied""]",How important or unimportant are local cultural venues for your community?,"[""Very unimportant"", ""Somewhat unimportant"", ""Neither important nor unimportant"", ""Somewhat important"", ""Very important""]","[""Use importance labels rather than satisfaction labels.""]",borderline,ordinal_categories,candidate-v1-single-polarity-mismatch-011,final_gold_200_unique_v3_pure_loaded,,
gold-200-rewritten-169,True,leading_question;unbalanced_scale,politics/public policy,support for free annual health checks,"Everyone benefits when diseases are caught early, so how strongly do you favor free annual health checks?","[""Strongly favor"", ""Favor"", ""Somewhat favor"", ""Neutral"", ""Oppose""]",To what extent do you support or oppose offering free annual health checks?,"[""Strongly oppose"", ""Somewhat oppose"", ""Neither support nor oppose"", ""Somewhat support"", ""Strongly support""]","[""Remove the leading rationale."", ""Balance support and opposition options.""]",obvious,support_oppose,candidate-v1-multi-leading-question-unbalanced-scale-001,final_gold_200_unique_v3_pure_loaded,,
gold-200-rewritten-170,True,leading_question;unbalanced_scale,politics/public policy,support for a city tree-planting levy,"Since more trees obviously make neighborhoods better, how positive are you about a small tree-planting levy?","[""Very positive"", ""Positive"", ""Somewhat positive"", ""Neutral"", ""Negative""]",To what extent do you support or oppose a small levy for planting street trees?,"[""Strongly oppose"", ""Somewhat oppose"", ""Neither support nor oppose"", ""Somewhat support"", ""Strongly support""]","[""Remove the one-sided justification."", ""Use symmetric response categories.""]",realistic,support_oppose,candidate-v1-multi-leading-question-unbalanced-scale-002,final_gold_200_unique_v3_pure_loaded,,
gold-200-rewritten-171,True,double_barreled;leading_question,public services,views on online forms and service-office staff,"Given that digital services save everyone time, how satisfied are you with online government forms and the helpfulness of service-office staff?","[""Very dissatisfied"", ""Somewhat dissatisfied"", ""Neither satisfied nor dissatisfied"", ""Somewhat satisfied"", ""Very satisfied""]",How satisfied or dissatisfied are you with online government forms?,"[""Very dissatisfied"", ""Somewhat dissatisfied"", ""Neither satisfied nor dissatisfied"", ""Somewhat satisfied"", ""Very satisfied""]","[""Remove the leading preface."", ""Split online forms from staff helpfulness.""]",borderline,ordinal_categories,candidate-v1-multi-double-barreled-leading-question-002,final_gold_200_unique_v3_pure_loaded,,
gold-200-rewritten-172,True,double_barreled;leading_question,mobility,views on cycle lanes and parking prices,"Because sustainable travel is important, should the city improve cycle lanes and raise parking prices?","[""Yes"", ""No""]",To what extent do you support or oppose improving cycle lanes?,"[""Strongly oppose"", ""Somewhat oppose"", ""Neither support nor oppose"", ""Somewhat support"", ""Strongly support""]","[""Remove the leading sustainability cue."", ""Ask the cycle-lane and parking-price proposals separately.""]",obvious,binary_yes_no,candidate-v1-multi-double-barreled-leading-question-001,final_gold_200_unique_v3_pure_loaded,,
gold-200-rewritten-173,True,incomplete_options;non_exclusive_options,work,weekly remote-work days,How many days did you work remotely last week?,"[""0-1 days"", ""1-3 days"", ""3-5 days""]",How many days did you work remotely last week?,"[""0 days"", ""1-2 days"", ""3-4 days"", ""5 days"", ""Not applicable""]","[""Add omitted categories such as 5 days and not applicable."", ""Remove overlapping endpoints.""]",realistic,numeric_ranges,candidate-v1-multi-incomplete-options-non-exclusive-options-001,final_gold_200_unique_v3_pure_loaded,,
gold-200-rewritten-174,True,incomplete_options;non_exclusive_options,finances,monthly rent payment amount,How much rent did your household pay last month?,"[""0-500 euros"", ""500-1000 euros"", ""1000-1500 euros""]",How much rent did your household pay last month?,"[""No rent paid"", ""Less than 500 euros"", ""500-999 euros"", ""1,000-1,499 euros"", ""1,500 euros or more"", ""Prefer not to say""]","[""Include no-rent, high-rent, and nonresponse categories."", ""Make ranges mutually exclusive.""]",borderline,numeric_ranges,candidate-v1-multi-incomplete-options-non-exclusive-options-002,final_gold_200_unique_v3_pure_loaded,,
gold-200-rewritten-175,True,agree_disagree_scale;negative_wording,education,clarity of grading criteria,Please indicate whether you disagree that the grading criteria were not unclear.,"[""Strongly disagree"", ""Somewhat disagree"", ""Neither agree nor disagree"", ""Somewhat agree"", ""Strongly agree""]",How clear or unclear were the grading criteria for this course?,"[""Very unclear"", ""Somewhat unclear"", ""Neither clear nor unclear"", ""Somewhat clear"", ""Very clear"", ""Not applicable""]","[""Avoid agree-disagree translation."", ""Remove the confusing negation.""]",obvious,likert_agreement,candidate-v1-multi-agree-disagree-scale-negative-wording-001,final_gold_200_unique_v3_pure_loaded,,
gold-200-rewritten-176,True,agree_disagree_scale;negative_wording,technology,ease of opting out of data sharing,Please indicate agreement or disagreement with this statement: it is not difficult to opt out of app data sharing.,"[""Strongly disagree"", ""Somewhat disagree"", ""Neither agree nor disagree"", ""Somewhat agree"", ""Strongly agree""]",How easy or difficult is it to opt out of app data sharing?,"[""Very difficult"", ""Somewhat difficult"", ""Neither easy nor difficult"", ""Somewhat easy"", ""Very easy"", ""Not sure""]","[""Use an item-specific ease-difficulty scale."", ""Avoid negative wording in the statement.""]",realistic,likert_agreement,candidate-v1-multi-agree-disagree-scale-negative-wording-002,final_gold_200_unique_v3_pure_loaded,,
gold-200-rewritten-177,True,loaded_question;sensitive_topic_direct,sensitive behaviors,interference with attendance after using drugs not legally available to respondent,How much did using drugs not legally available to you interfere with your class or work attendance during the last 12 months?,"[""I did not use drugs not legally available to me"", ""Not at all"", ""A little"", ""A moderate amount"", ""A great deal"", ""Prefer not to answer""]","This item is optional. During the last 12 months, did you use drugs not legally available to you? If yes, how much, if at all, did this interfere with your class or work attendance?","[""No, did not use drugs not legally available to me"", ""Yes, not at all"", ""Yes, a little"", ""Yes, a moderate amount"", ""Yes, a great deal"", ""Prefer not to answer""]","[""Do not presume the behavior occurred before asking about interference."", ""Introduce the sensitive item as optional and retain a prefer-not-to-answer path.""]",borderline,filter_question,candidate-v1-multi-loaded-question-sensitive-topic-direct-001,final_gold_200_unique_v3_pure_loaded,True,"loaded_question purity: remove incomplete-options contamination by making the loaded premise stem-based and adding neutral, no-event, open, or balanced response paths."
gold-200-rewritten-178,True,loaded_question;sensitive_topic_direct,education,perceived academic effect of paying someone to complete coursework,How much did paying someone to complete coursework for you improve your academic results this year?,"[""I did not pay someone to complete coursework for me"", ""Not at all"", ""A little"", ""A moderate amount"", ""A great deal"", ""Prefer not to answer""]","This item is optional. This academic year, did you pay someone to complete coursework for you? If yes, how much, if at all, did this affect your academic results?","[""No, did not pay someone to complete coursework"", ""Yes, not at all"", ""Yes, a little"", ""Yes, a moderate amount"", ""Yes, a great deal"", ""Prefer not to answer""]","[""Do not presume the behavior occurred or that it improved grades."", ""Reduce sensitivity by making the item optional and allowing refusal.""]",obvious,filter_question,candidate-v1-multi-loaded-question-sensitive-topic-direct-002,final_gold_200_unique_v3_pure_loaded,True,"loaded_question purity: remove incomplete-options contamination by making the loaded premise stem-based and adding neutral, no-event, open, or balanced response paths."
gold-200-rewritten-179,True,missing_scale_labels;too_many_scale_points,university life,stress about exam scheduling,How stressful is the exam schedule this semester?,"[""0"", ""1"", ""2"", ""3"", ""4"", ""5"", ""6"", ""7"", ""8"", ""9"", ""10"", ""11"", ""12"", ""13"", ""14"", ""15"", ""16"", ""17"", ""18"", ""19"", ""20"", ""21"", ""22"", ""23"", ""24"", ""25"", ""26"", ""27"", ""28"", ""29"", ""30""]",How stressful is the exam schedule this semester?,"[""Not at all stressful"", ""Slightly stressful"", ""Moderately stressful"", ""Very stressful"", ""Extremely stressful""]","[""Reduce the excessive number of scale points."", ""Use labeled categories rather than unlabeled numbers.""]",realistic,numeric_ranges,candidate-v1-multi-missing-scale-labels-too-many-scale-points-001,final_gold_200_unique_v3_pure_loaded,,
gold-200-rewritten-180,True,missing_scale_labels;too_many_scale_points,public services,ease of understanding tax letters,How easy is it to understand tax letters from public offices?,"[""1"", ""2"", ""3"", ""4"", ""5"", ""6"", ""7"", ""8"", ""9"", ""10"", ""11"", ""12"", ""13"", ""14"", ""15"", ""16"", ""17"", ""18"", ""19"", ""20"", ""21"", ""22"", ""23"", ""24"", ""25""]",How easy or difficult is it to understand tax letters from public offices?,"[""Very difficult"", ""Somewhat difficult"", ""Neither easy nor difficult"", ""Somewhat easy"", ""Very easy""]","[""Replace the 25-point unlabeled scale."", ""Add verbal labels to show direction and meaning.""]",borderline,numeric_ranges,candidate-v1-multi-missing-scale-labels-too-many-scale-points-002,final_gold_200_unique_v3_pure_loaded,,
gold-200-rewritten-181,True,negative_wording;polarity_mismatch,environment,concern about not reducing household energy use,How unconcerned are you about not reducing household energy use?,"[""Strongly oppose"", ""Somewhat oppose"", ""Neither support nor oppose"", ""Somewhat support"", ""Strongly support""]",How concerned are you about your household’s energy use?,"[""Not at all concerned"", ""Slightly concerned"", ""Moderately concerned"", ""Very concerned"", ""Extremely concerned""]","[""Remove the negative wording."", ""Use concern options rather than support-oppose options.""]",obvious,support_oppose,candidate-v1-multi-negative-wording-polarity-mismatch-001,final_gold_200_unique_v3_pure_loaded,,
gold-200-rewritten-182,True,negative_wording;polarity_mismatch,health,ease of not missing medication doses,How easy is it for you not to avoid missing medication doses?,"[""Very satisfied"", ""Somewhat satisfied"", ""Neither satisfied nor dissatisfied"", ""Somewhat dissatisfied"", ""Very dissatisfied"", ""Not applicable""]",How easy or difficult is it for you to take medication as prescribed?,"[""Very difficult"", ""Somewhat difficult"", ""Neither easy nor difficult"", ""Somewhat easy"", ""Very easy"", ""Not applicable""]","[""Remove the double negative."", ""Use ease-difficulty categories instead of satisfaction categories.""]",realistic,ordinal_categories,candidate-v1-multi-negative-wording-polarity-mismatch-002,final_gold_200_unique_v3_pure_loaded,,
gold-200-rewritten-183,True,non_exclusive_options;open_closed_mismatch,mobility,reasons for choosing car travel,Please describe why you usually travel by car.,"[""0-15 minutes"", ""15-30 minutes"", ""30-60 minutes"", ""60 minutes or more""]",What is the main reason you usually travel by car?,"[""Fastest option"", ""Cheapest option"", ""No suitable public transport"", ""Need to carry items or accompany others"", ""Health or mobility reason"", ""Other"", ""I do not usually travel by car""]","[""Closed options do not match an open narrative request."", ""Replace overlapping time ranges with relevant reason categories.""]",borderline,open_ended,candidate-v1-multi-non-exclusive-options-open-closed-mismatch-001,final_gold_200_unique_v3_pure_loaded,,
gold-200-rewritten-184,True,non_exclusive_options;open_closed_mismatch,family/household,reason for using paid childcare,"In your own words, why do you use paid childcare?","[""0-5 hours"", ""5-10 hours"", ""10-20 hours"", ""20 or more hours""]",What is the main reason your household uses paid childcare?,"[""Work or study schedule"", ""Child development or socialization"", ""No unpaid care available"", ""Respite or personal time"", ""Other"", ""Do not use paid childcare""]","[""The response categories measure hours rather than reasons."", ""They are closed and have overlapping boundaries despite an open request.""]",obvious,open_ended,candidate-v1-multi-non-exclusive-options-open-closed-mismatch-002,final_gold_200_unique_v3_pure_loaded,,
gold-200-rewritten-185,True,open_closed_mismatch;loaded_question,technology,reason for bypassing privacy settings,Why did you bypass the privacy settings in your most-used app?,"[""I did not bypass privacy settings"", ""Settings were too complicated"", ""Wanted faster access"", ""Did not think the settings mattered"", ""Other reason""]","Have you ever changed or bypassed privacy settings in your most-used app? If yes, what was the main reason?","[""No, did not change or bypass privacy settings"", ""Yes, settings were too complicated"", ""Yes, wanted faster access"", ""Yes, did not think the settings mattered"", ""Yes, other reason"", ""Not sure""]","[""The original assumes the behavior occurred."", ""The wording asks an open why-question while forcing a closed list; revise to a filtered closed-ended item.""]",realistic,open_ended,candidate-v1-multi-open-closed-mismatch-loaded-question-001,final_gold_200_unique_v3_pure_loaded,True,"loaded_question purity: remove incomplete-options contamination by making the loaded premise stem-based and adding neutral, no-event, open, or balanced response paths."
gold-200-rewritten-186,True,open_closed_mismatch;loaded_question,work,reason for missing mandatory workplace training,Explain why you skipped mandatory workplace training this year.,"[""I did not skip mandatory workplace training"", ""Scheduling conflict"", ""Workload was too high"", ""Forgot"", ""Training seemed not useful"", ""Other reason"", ""Not applicable""]","This year, did you miss any mandatory workplace training? If yes, what was the main reason?","[""No, did not miss mandatory workplace training"", ""Yes, scheduling conflict"", ""Yes, workload was too high"", ""Yes, forgot"", ""Yes, training seemed not useful"", ""Yes, other reason"", ""Not applicable""]","[""Add a filter because missing training is assumed."", ""Align the closed categories with a closed-ended request rather than an open-ended explain prompt.""]",borderline,open_ended,candidate-v1-multi-open-closed-mismatch-loaded-question-002,final_gold_200_unique_v3_pure_loaded,True,"loaded_question purity: remove incomplete-options contamination by making the loaded premise stem-based and adding neutral, no-event, open, or balanced response paths."
gold-200-rewritten-187,True,polarity_mismatch;incomplete_options,media/culture,frequency of attending local events,"During the last 3 months, how often did you attend local cultural events?","[""Very satisfied"", ""Somewhat satisfied"", ""Neither satisfied nor dissatisfied""]",How often did you attend local cultural events in the last 3 months?,"[""Not at all"", ""Once"", ""2-3 times"", ""4 or more times""]","[""Use frequency categories rather than satisfaction categories."", ""Include the full range of plausible attendance frequencies.""]",obvious,ordinal_categories,candidate-v1-multi-polarity-mismatch-incomplete-options-001,final_gold_200_unique_v3_pure_loaded,,
gold-200-rewritten-188,True,polarity_mismatch;incomplete_options,education,support needed for online exams,Which type of support would help you most during online exams?,"[""Very easy"", ""Somewhat easy"", ""Neither easy nor difficult""]",Which type of support would help you most during online exams?,"[""Technical support"", ""Clearer instructions"", ""Practice exam environment"", ""Extra time or accessibility support"", ""No support needed"", ""Other""]","[""Response options are on the wrong dimension."", ""Add relevant support categories and residual choices.""]",realistic,ordinal_categories,candidate-v1-multi-polarity-mismatch-incomplete-options-002,final_gold_200_unique_v3_pure_loaded,,
gold-200-rewritten-189,True,recall_error;double_barreled,health,exercise frequency and sleep quality,"Across the past year, how many times did you exercise for at least 30 minutes and sleep well that night?","[""0 times"", ""1-20 times"", ""21-100 times"", ""More than 100 times""]","In the past 7 days, on how many days did you exercise for at least 30 minutes?","[""0 days"", ""1-2 days"", ""3-4 days"", ""5-6 days"", ""7 days""]","[""Shorten the recall period."", ""Ask exercise separately from sleep quality.""]",borderline,frequency,candidate-v1-multi-recall-error-double-barreled-001,final_gold_200_unique_v3_pure_loaded,,
gold-200-rewritten-190,True,recall_error;double_barreled,technology,frequency of software updates and password changes,"In the last year, how many times did you install software updates and change passwords promptly?","[""0 times"", ""1-5 times"", ""6-20 times"", ""More than 20 times""]","In the last 30 days, how many times did you install software updates when prompted?","[""0 times"", ""1 time"", ""2-3 times"", ""4 or more times"", ""No prompts received""]","[""Reduce the recall period."", ""Separate update behavior from password changes.""]",obvious,frequency,candidate-v1-multi-recall-error-double-barreled-002,final_gold_200_unique_v3_pure_loaded,,
gold-200-rewritten-191,True,sensitive_topic_direct;social_desirability,finances,paying taxes accurately,Honest people report all taxable income. Did you fail to report any taxable income last year?,"[""Yes"", ""No""]","People have different experiences, and you may skip this question. Last year, did you leave any taxable income off an official tax form?","[""Yes"", ""No"", ""Prefer not to answer"", ""Not required to file taxes""]","[""Remove the moralizing cue."", ""Use a sensitive-item preface and prefer-not-to-answer option.""]",realistic,binary_yes_no,candidate-v1-multi-sensitive-topic-direct-social-desirability-001,final_gold_200_unique_v3_pure_loaded,,
gold-200-rewritten-192,True,sensitive_topic_direct;social_desirability,family/household,household conflict and responsible behavior,Responsible family members do not shout during conflicts. Did you shout at someone in your household in the last month?,"[""Yes"", ""No""]","People have different household experiences, and you may skip this question. In the last month, did you shout at someone in your household during a conflict?","[""Yes"", ""No"", ""Prefer not to answer"", ""Not applicable""]","[""Remove the social desirability pressure."", ""Add skip/nonresponse options for the sensitive conflict item.""]",borderline,binary_yes_no,candidate-v1-multi-sensitive-topic-direct-social-desirability-002,final_gold_200_unique_v3_pure_loaded,,
gold-200-rewritten-193,True,social_desirability;vague_ambiguous,environment,general eco-friendly behavior,"Thinking about daily life, how often do you behave sustainably, as everyone should?","[""Never"", ""Sometimes"", ""Always""]","During a typical week, how often do you choose a lower-waste option when one is available?","[""Never"", ""Rarely"", ""Sometimes"", ""Often"", ""Very often"", ""Not applicable""]","[""Remove the normative wording."", ""Replace vague sustainability language with a specific behavior.""]",obvious,frequency,candidate-v1-multi-social-desirability-vague-ambiguous-003,final_gold_200_unique_v3_pure_loaded,,
gold-200-rewritten-194,True,social_desirability;vague_ambiguous,university life,being a good class participant,How often are you a good participant in seminars?,"[""Never"", ""Sometimes"", ""Always""]","During the last four seminar meetings, how often did you contribute at least one question or comment?","[""0 meetings"", ""1 meeting"", ""2 meetings"", ""3 meetings"", ""4 meetings"", ""Not applicable""]","[""Avoid socially desirable identity wording."", ""Define the behavior being measured.""]",realistic,frequency,candidate-v1-multi-social-desirability-vague-ambiguous-002,final_gold_200_unique_v3_pure_loaded,,
gold-200-rewritten-195,True,too_many_scale_points;agree_disagree_scale,politics/public policy,agreement about police visibility,"On a scale from 0 to 20, how much do you agree that more visible police patrols make neighborhoods safer?","[""0"", ""1"", ""2"", ""3"", ""4"", ""5"", ""6"", ""7"", ""8"", ""9"", ""10"", ""11"", ""12"", ""13"", ""14"", ""15"", ""16"", ""17"", ""18"", ""19"", ""20""]",To what extent do you support or oppose increasing visible police patrols in your neighborhood?,"[""Strongly oppose"", ""Somewhat oppose"", ""Neither support nor oppose"", ""Somewhat support"", ""Strongly support""]","[""Avoid agree-disagree wording for a policy preference."", ""Use a simpler labeled support-oppose scale.""]",borderline,numeric_ranges,candidate-v1-multi-too-many-scale-points-agree-disagree-scale-001,final_gold_200_unique_v3_pure_loaded,,
gold-200-rewritten-196,True,too_many_scale_points;agree_disagree_scale,public services,agreement about vaccination reminders,"Using the 0-30 scale, how strongly do you agree that automatic vaccination reminders are useful?","[""0"", ""1"", ""2"", ""3"", ""4"", ""5"", ""6"", ""7"", ""8"", ""9"", ""10"", ""11"", ""12"", ""13"", ""14"", ""15"", ""16"", ""17"", ""18"", ""19"", ""20"", ""21"", ""22"", ""23"", ""24"", ""25"", ""26"", ""27"", ""28"", ""29"", ""30""]",How useful or not useful would automatic vaccination reminders be for you?,"[""Not at all useful"", ""Slightly useful"", ""Moderately useful"", ""Very useful"", ""Extremely useful""]","[""Replace the excessive numeric scale."", ""Ask directly about perceived usefulness.""]",obvious,numeric_ranges,candidate-v1-multi-too-many-scale-points-agree-disagree-scale-003,final_gold_200_unique_v3_pure_loaded,,
gold-200-rewritten-197,True,unbalanced_scale;missing_scale_labels,education,acceptability of AI grading support,How acceptable is using AI tools to support grading?,"[""1"", ""2"", ""3"", ""4"", ""5 = acceptable""]",How acceptable or unacceptable is using AI tools to support grading?,"[""1 = very unacceptable"", ""2 = somewhat unacceptable"", ""3 = neither acceptable nor unacceptable"", ""4 = somewhat acceptable"", ""5 = very acceptable""]","[""Balance positive and negative response directions."", ""Label both endpoints and the midpoint.""]",realistic,numeric_ranges,candidate-v1-multi-unbalanced-scale-missing-scale-labels-001,final_gold_200_unique_v3_pure_loaded,,
gold-200-rewritten-198,True,unbalanced_scale;missing_scale_labels,politics/public policy,support for lowering voting age,Please rate how much you favor lowering the voting age for local elections.,"[""1"", ""2"", ""3"", ""4"", ""5 = strongly favor""]",To what extent do you support or oppose lowering the voting age for local elections?,"[""1 = strongly oppose"", ""2 = somewhat oppose"", ""3 = neither support nor oppose"", ""4 = somewhat support"", ""5 = strongly support""]","[""Use a balanced support-oppose structure."", ""Label scale values so direction is clear.""]",borderline,numeric_ranges,candidate-v1-multi-unbalanced-scale-missing-scale-labels-003,final_gold_200_unique_v3_pure_loaded,,
gold-200-rewritten-199,True,vague_ambiguous;recall_error,media/culture,frequency of engaging with culture online,"Over the past year, how often did you do cultural things online?","[""Never"", ""Sometimes"", ""Often""]","In the past 30 days, how often did you watch, read, or listen to a cultural event or performance online?","[""Never"", ""Once"", ""2-3 times"", ""Weekly"", ""More than weekly""]","[""Define the vague phrase cultural things."", ""Use a shorter recall period for a repeated behavior.""]",obvious,frequency,candidate-v1-multi-vague-ambiguous-recall-error-009,final_gold_200_unique_v3_pure_loaded,,
gold-200-rewritten-200,True,vague_ambiguous;recall_error,public services,frequency of dealing with official paperwork,"Over the past year, how often did you sort out paperwork with authorities?","[""0 times"", ""1-5 times"", ""6-20 times"", ""More than 20 times""]","In the past 3 months, how many times did you submit, renew, or request an official document from a public office?","[""0 times"", ""1 time"", ""2-3 times"", ""4 or more times""]","[""Clarify what official paperwork means."", ""Shorten the recall window.""]",realistic,frequency,candidate-v1-multi-vague-ambiguous-recall-error-002,final_gold_200_unique_v3_pure_loaded,,
